Id,BsmtQual,BsmtCond,BsmtExposure,BsmtFinType1,BsmtFinType2,HeatingQC,KitchenQual,Functional,FireplaceQu,GarageFinish,GarageCond,Fence,SalePrice_log,SalePrice,HasGasHeating,Electrical_combined,GarageType_combined,GarageQual_combined,SaleType_combined,HasPavedDrive,SaleCond_combined,HasCentralAir
0,5,4,2,7,2,5,4,8,1,3,4,1,12.24769432,208500,1,1,1,3,1,1,1,1
1,5,4,5,6,2,5,3,8,4,3,4,1,12.10901093,181500,1,1,1,3,1,1,1,1
2,5,4,3,7,2,5,4,8,4,3,4,1,12.31716669,223500,1,1,1,3,1,1,1,1
3,4,5,2,6,2,4,4,8,5,2,4,1,11.8493977,140000,1,1,2,3,1,1,0,1
4,5,4,4,7,2,5,4,8,4,3,4,1,12.4292162,250000,1,1,1,3,1,1,1,1
5,5,4,2,7,2,5,3,8,1,2,4,4,11.87059991,143000,1,1,1,3,1,1,1,1
6,6,4,4,7,2,5,4,8,5,3,4,1,12.63460303,307000,1,1,1,3,1,1,1,1
7,5,4,3,6,5,5,3,8,4,3,4,1,12.20607265,200000,1,1,1,3,1,1,1,1
8,4,4,2,2,2,4,3,7,4,2,4,1,11.7745202,129900,1,0,2,2,1,1,0,1
9,4,4,2,7,2,5,3,8,4,3,4,1,11.6784399,118000,1,1,1,2,1,1,1,1
10,4,4,2,4,2,5,3,8,1,2,4,1,11.77143616,129500,1,1,2,3,1,1,1,1
11,6,4,2,7,2,5,5,8,5,4,4,1,12.7512997,345000,1,1,3,3,2,1,0,1
12,4,4,2,6,2,3,3,8,1,2,4,1,11.87756858,144000,1,1,2,3,1,1,1,1
13,5,4,4,2,2,5,4,8,5,3,4,1,12.54075757,279500,1,1,1,3,2,1,0,1
14,4,4,2,5,2,3,3,8,3,3,4,3,11.96400108,157000,1,1,1,3,1,1,1,1
15,4,4,2,2,2,5,3,8,1,2,4,5,11.7905572,132000,1,2,2,3,1,1,1,1
16,4,4,2,6,2,5,3,8,4,4,4,1,11.91170158,149000,1,1,1,3,1,1,1,1
17,1,1,1,1,1,3,3,8,1,2,4,1,11.40756495,90000,1,1,0,3,1,1,1,1
18,4,4,2,7,2,5,4,8,1,2,4,1,11.97665948,159000,1,1,2,3,1,1,1,1
19,4,4,2,3,2,3,3,7,1,2,4,4,11.84222921,139000,1,1,1,3,0,1,0,1
20,6,4,4,2,2,5,4,8,5,3,4,1,12.69250311,325300,1,1,3,3,2,1,0,1
21,4,4,2,2,2,5,4,8,5,2,4,5,11.84510278,139400,1,0,1,3,1,0,1,1
22,5,4,2,2,2,5,4,8,5,3,4,1,12.34583459,230000,1,1,1,3,1,1,1,1
23,5,4,2,7,2,3,3,8,4,2,4,1,11.7745202,129900,1,1,1,3,1,1,1,1
24,4,4,3,4,6,5,4,8,4,2,4,4,11.94470788,154000,1,1,1,3,1,1,1,1
25,5,4,2,2,2,5,4,8,5,3,4,1,12.45410391,256300,1,1,1,3,1,1,1,1
26,4,4,3,5,4,3,4,8,1,2,4,1,11.81154748,134800,1,1,2,3,1,1,1,1
27,6,4,2,7,2,5,4,8,5,3,4,1,12.63134038,306000,1,1,1,3,1,1,1,1
28,4,4,5,5,2,3,3,8,5,3,4,1,12.24288662,207500,1,1,1,3,1,1,1,1
29,4,4,2,2,2,2,2,8,1,2,4,1,11.13458902,68500,1,1,2,2,1,1,1,0
30,4,4,2,2,2,3,3,8,1,2,3,4,10.59663473,40000,1,1,2,3,1,0,1,0
31,4,4,2,2,2,4,4,8,1,2,4,4,11.91404782,149350,1,1,1,3,1,1,1,1
32,6,4,4,2,2,5,4,8,1,3,4,1,12.10015642,179900,1,1,1,3,1,1,1,1
33,4,4,2,4,2,4,4,8,5,3,4,1,12.01672647,165500,1,1,1,3,1,1,1,1
34,6,4,2,7,2,5,5,8,5,4,4,1,12.53357621,277500,1,1,1,3,1,1,1,1
35,6,4,4,2,2,5,4,8,5,4,4,1,12.64109656,309000,1,1,3,3,1,1,1,1
36,5,4,2,2,2,5,3,8,1,2,4,1,11.88448902,145000,1,1,1,3,1,1,1,1
37,4,4,2,4,2,4,3,8,4,4,4,1,11.9381932,153000,1,1,1,3,1,1,1,1
38,4,4,2,7,2,3,4,8,1,2,4,1,11.59910316,109000,1,1,2,3,1,1,0,1
39,1,1,1,1,1,3,2,8,1,1,1,1,11.31447453,82000,1,0,0,1,1,0,0,0
40,4,4,2,4,2,5,3,8,4,3,4,3,11.98292909,160000,1,1,1,3,1,1,0,1
41,4,4,5,5,2,4,3,8,5,3,4,1,12.04355372,170000,1,1,1,3,1,0,1,1
42,5,4,4,6,3,4,4,8,1,3,5,4,11.87756858,144000,1,1,1,3,1,1,1,1
43,5,4,4,3,5,3,3,8,1,2,4,4,11.77721096,130250,1,1,2,3,1,1,1,1
44,4,4,2,6,5,5,3,8,1,3,4,1,11.85651517,141000,1,2,1,3,1,1,1,1
45,6,4,2,7,2,5,5,8,5,3,4,1,12.67576373,319900,1,1,1,3,1,1,1,1
46,6,4,2,7,2,5,4,8,6,3,4,1,12.38708501,239686,1,1,1,3,1,1,0,1
47,5,4,4,7,2,5,4,8,1,3,4,1,12.42801548,249700,1,1,1,3,1,1,1,1
48,4,4,2,2,2,4,3,8,1,1,1,1,11.6351431,113000,1,1,0,1,2,0,0,1
49,4,4,2,5,2,5,3,8,1,2,4,4,11.75194237,127000,1,1,1,3,1,1,1,1
50,5,4,4,7,2,4,3,8,1,4,4,1,12.08390501,177000,1,1,1,3,1,1,1,1
51,4,4,2,2,2,3,3,8,5,2,4,4,11.6483301,114500,1,1,2,3,1,1,1,1
52,5,4,5,3,7,3,3,8,1,2,4,1,11.60823564,110000,1,1,0,3,1,1,1,0
53,6,4,5,7,2,4,4,8,5,4,4,1,12.86099861,385000,1,1,1,3,1,1,1,1
54,4,4,2,6,2,3,3,7,4,2,4,4,11.77528973,130000,1,1,2,3,1,1,1,1
55,4,4,2,5,2,4,3,8,5,3,4,1,12.10348606,180500,1,1,1,3,1,1,1,1
56,5,4,2,7,2,5,4,8,1,4,4,1,12.05815252,172500,1,1,1,3,1,1,0,1
57,5,4,2,2,2,5,4,8,1,3,4,1,12.18841771,196500,1,1,1,3,1,1,1,1
58,6,4,5,2,2,5,4,8,5,4,4,1,12.99175343,438780,1,1,3,3,2,1,0,1
59,4,4,4,6,2,5,3,8,1,2,4,4,11.7352687,124900,1,1,2,3,1,1,1,1
60,5,4,2,6,2,5,4,8,1,2,4,1,11.97035031,158000,1,1,2,3,2,1,0,1
61,4,3,2,2,2,3,2,8,1,2,4,1,11.5228758,101000,1,1,2,3,1,0,1,0
62,5,5,3,7,2,5,4,8,5,3,4,1,12.21849517,202500,1,1,1,3,1,1,1,1
63,4,4,2,2,2,4,3,8,1,2,4,5,11.8493977,140000,1,1,2,3,1,1,1,1
64,5,4,2,7,2,5,4,8,1,3,4,5,12.29910751,219500,1,1,1,3,1,1,1,1
65,6,4,4,2,2,5,4,8,5,3,4,1,12.66665705,317000,1,1,3,3,1,1,1,1
66,5,4,5,7,2,3,3,7,5,3,4,1,12.10071213,180000,1,1,1,3,1,1,1,1
67,5,4,4,7,2,5,4,8,1,3,4,1,12.32829028,226000,1,1,1,3,1,1,1,1
68,4,4,2,2,2,3,3,8,1,2,4,1,11.28978191,80000,1,1,1,3,1,1,1,1
69,4,4,2,5,2,3,3,8,4,4,4,1,12.32385568,225000,1,1,1,3,1,1,1,1
70,5,4,5,6,2,5,3,8,5,4,4,1,12.4049235,244000,1,1,1,3,1,1,1,1
71,4,4,2,6,2,3,3,8,1,2,4,1,11.77143616,129500,1,1,2,3,1,1,1,1
72,5,4,2,2,2,4,3,8,4,4,4,1,12.1281111,185000,1,1,1,3,1,1,1,1
73,4,4,2,6,5,4,3,8,1,2,4,3,11.88379913,144900,1,1,1,3,1,1,1,1
74,3,4,2,2,2,4,3,8,1,2,4,1,11.58431546,107400,1,1,2,3,1,1,1,0
75,5,4,5,7,2,3,3,8,1,2,4,3,11.41861479,91000,1,1,3,3,1,1,1,1
76,4,4,2,6,2,5,3,8,1,2,4,1,11.81857024,135750,1,2,2,3,1,1,1,1
77,4,4,2,5,7,3,3,7,1,2,4,4,11.75194237,127000,1,1,2,3,1,1,1,1
78,4,4,2,2,2,3,3,8,1,1,1,1,11.82407989,136500,1,1,0,1,1,1,1,0
79,4,4,2,2,2,4,3,8,1,2,4,4,11.60823564,110000,1,1,2,3,1,1,1,1
80,5,4,2,4,2,3,4,8,5,4,4,1,12.17303279,193500,1,1,1,3,1,1,1,1
81,6,5,2,7,2,5,3,8,1,4,4,1,11.94145585,153500,1,1,1,3,1,1,1,1
82,5,4,2,7,2,5,4,8,5,3,4,1,12.40901349,245000,1,1,1,3,1,1,1,1
83,4,4,2,2,2,4,3,8,1,2,4,1,11.74799759,126500,1,1,2,3,0,1,1,1
84,5,4,2,2,2,4,3,8,4,4,4,1,12.03469103,168500,1,1,3,3,1,1,1,1
85,5,4,2,2,2,5,4,8,4,2,4,1,12.46843691,260000,1,1,1,3,1,1,1,1
86,5,4,4,2,2,5,4,8,5,4,4,1,12.06681058,174000,1,1,3,3,1,1,1,1
87,5,4,4,2,2,5,4,8,1,3,4,1,12.01066585,164500,1,1,2,3,2,1,0,1
88,4,3,2,2,2,3,2,8,1,1,1,4,11.35040654,85000,1,1,0,1,0,0,0,0
89,5,4,2,7,2,5,3,8,1,1,1,1,11.72480582,123600,1,1,0,1,1,1,1,1
90,1,1,1,1,1,3,3,8,1,2,4,1,11.60732614,109900,1,2,2,3,1,1,1,1
91,4,4,2,4,2,3,3,8,1,2,4,3,11.49882654,98600,1,1,1,3,1,1,0,1
92,5,4,2,6,2,5,3,8,1,2,4,1,12.00456827,163500,1,1,2,3,1,1,1,1
93,4,3,3,4,2,5,3,8,5,2,4,1,11.80484853,133900,1,1,2,3,1,1,1,0
94,5,4,2,7,2,5,4,8,1,3,4,1,12.229545,204750,1,1,1,3,1,1,1,1
95,5,5,2,6,2,4,3,8,4,4,4,1,12.1281111,185000,1,1,3,3,1,1,1,1
96,5,4,4,6,2,5,4,8,1,3,4,1,12.27373129,214000,1,1,1,3,1,1,1,1
97,4,4,2,4,2,3,3,8,1,4,4,1,11.45899712,94750,1,0,1,3,1,0,1,1
98,4,4,2,6,2,2,3,8,1,2,4,1,11.32659589,83000,1,1,0,2,0,1,0,0
99,4,4,2,6,2,2,3,8,1,1,1,1,11.76718001,128950,1,1,0,1,1,1,1,1
100,4,4,3,6,2,4,4,8,4,3,4,1,12.23076526,205000,1,1,1,3,1,1,1,1
101,5,4,2,2,2,3,4,8,4,4,4,1,12.08953883,178000,1,1,1,3,1,1,1,1
102,1,1,1,1,1,3,3,8,1,2,4,1,11.68657621,118964,1,1,1,3,1,1,0,1
103,5,4,2,2,2,5,4,8,1,3,4,1,12.20055746,198900,1,1,1,3,1,1,1,1
104,4,4,2,3,2,5,3,8,4,2,4,1,12.04060821,169500,1,0,2,3,1,1,1,1
105,6,4,2,2,2,5,4,8,5,3,4,1,12.4292162,250000,1,1,1,3,1,1,1,1
106,3,4,2,2,2,4,3,8,1,2,3,1,11.51292546,100000,1,1,2,2,1,0,1,1
107,4,4,2,6,5,5,3,8,1,2,4,1,11.65268741,115000,1,1,2,3,1,1,0,1
108,4,4,2,2,2,3,2,8,1,1,1,1,11.65268741,115000,1,0,0,1,1,0,1,0
109,5,4,2,5,2,5,3,8,4,3,4,4,12.15477935,190000,1,1,1,3,0,1,1,1
110,4,3,2,4,2,4,3,8,1,2,4,1,11.82700601,136900,1,1,1,3,1,1,1,1
111,5,4,2,7,2,5,3,8,4,4,4,1,12.10071213,180000,1,1,3,3,1,1,1,1
112,6,4,4,7,2,5,5,8,5,4,4,1,12.8583197,383970,1,1,3,3,2,1,0,1
113,5,4,3,6,4,3,4,8,5,2,4,4,12.28765263,217000,1,1,0,3,0,1,0,1
114,4,4,2,6,3,5,4,8,4,2,4,4,12.46651198,259500,1,1,2,3,1,1,1,1
115,5,4,2,7,2,4,3,8,3,2,4,1,12.07823927,176000,1,1,2,3,1,1,1,1
116,4,4,2,3,5,3,3,8,2,2,4,1,11.84222921,139000,1,1,1,3,1,1,1,1
117,5,4,2,2,2,4,3,8,1,2,4,1,11.9511804,155000,1,1,1,3,2,1,0,1
118,5,4,3,7,2,4,4,8,4,2,4,1,12.67607627,320000,1,1,1,3,1,1,1,1
119,5,4,2,2,2,5,4,8,5,4,4,1,12.00756073,163990,1,1,1,3,2,1,0,1
120,4,4,5,6,2,5,3,8,4,2,4,1,12.10071213,180000,1,1,1,3,1,1,1,1
121,4,4,2,2,2,4,3,8,1,2,4,4,11.51292546,100000,1,1,2,3,1,0,1,1
122,4,4,2,5,2,4,3,8,1,2,4,1,11.82041016,136000,1,1,1,3,1,1,1,1
123,5,4,2,7,2,5,4,8,1,3,4,1,11.94405832,153900,1,1,1,3,1,1,1,1
124,5,3,2,2,2,3,3,8,4,2,4,1,12.10625231,181000,1,1,1,3,1,1,1,1
125,4,4,4,7,2,4,3,8,1,1,1,1,11.34450681,84500,1,1,0,1,1,0,1,0
126,5,4,2,6,2,3,3,8,4,3,4,1,11.75978554,128000,1,1,1,3,1,1,1,1
127,4,4,2,3,2,5,3,8,4,1,1,1,11.3736634,87000,1,1,0,1,1,0,1,1
128,4,4,2,5,2,3,3,8,3,3,4,1,11.9511804,155000,1,1,1,3,1,1,1,1
129,4,4,2,4,5,3,5,8,1,3,4,2,11.91839057,150000,1,2,0,3,1,1,0,1
130,4,4,2,4,2,5,4,8,5,4,4,5,12.32829028,226000,1,1,1,3,1,1,1,1
131,5,4,2,7,2,5,4,8,4,3,4,1,12.4049235,244000,1,1,3,3,1,1,1,1
132,4,4,2,4,2,4,4,8,1,2,4,1,11.92337811,150750,1,1,2,3,1,1,1,1
133,6,4,2,7,2,5,4,8,1,4,4,1,12.30138283,220000,1,1,1,3,1,1,1,1
134,4,4,2,4,2,4,3,7,4,3,4,4,12.10071213,180000,1,1,1,3,1,1,1,1
135,4,4,2,2,2,4,3,8,5,2,4,4,12.06681058,174000,1,1,1,3,1,1,1,1
136,4,4,2,5,2,3,3,8,3,3,4,1,11.87059991,143000,1,1,1,3,1,1,1,1
137,4,4,2,2,2,4,3,8,1,2,4,1,12.04941884,171000,1,1,0,3,1,1,0,1
138,5,4,3,7,2,5,4,8,4,4,4,5,12.34583459,230000,1,1,1,3,1,1,1,1
139,5,4,2,7,2,5,4,8,1,3,4,4,12.35233515,231500,1,1,1,3,1,1,1,1
140,4,4,2,6,2,3,3,8,2,1,1,1,11.65268741,115000,1,1,0,1,0,1,1,1
141,5,4,4,7,2,5,4,8,1,4,4,1,12.46843691,260000,1,1,1,3,1,1,1,1
142,4,4,2,4,2,2,3,8,1,2,4,4,12.01974307,166000,1,1,2,3,1,1,1,1
143,5,4,5,7,2,5,4,8,1,3,4,1,12.22587527,204000,1,1,1,3,1,1,1,1
144,4,4,2,4,2,3,3,8,1,2,4,1,11.73606902,125000,1,1,2,3,0,1,0,1
145,5,4,2,2,2,5,4,4,1,2,4,1,11.77528973,130000,1,1,2,3,1,1,1,1
146,4,4,2,5,2,3,3,8,1,2,4,1,11.56171563,105000,1,2,2,2,1,1,1,1
147,5,4,2,2,2,5,4,8,5,4,4,1,12.31268238,222500,1,1,3,3,1,1,1,1
148,5,4,2,7,2,5,4,8,1,1,1,1,11.85651517,141000,1,1,0,1,1,1,1,1
149,5,4,2,2,2,4,3,8,1,2,4,1,11.65268741,115000,1,2,2,2,1,1,1,1
150,4,4,4,5,2,3,3,8,1,2,4,4,11.71177632,122000,1,1,1,3,1,1,1,1
151,6,4,5,7,2,5,4,8,5,3,4,1,12.82772919,372402,1,1,1,3,2,1,0,1
152,4,4,2,4,2,4,3,8,5,3,4,3,12.15477935,190000,1,1,1,3,1,1,1,1
153,5,4,5,5,6,4,3,8,5,3,4,1,12.36734079,235000,1,1,1,3,1,1,1,1
154,4,4,2,2,2,3,3,8,1,2,3,1,11.73606902,125000,1,2,2,2,1,1,0,1
155,4,4,2,2,2,2,3,8,1,1,1,1,11.27720313,79000,0,0,0,1,1,0,1,0
156,1,1,1,1,1,3,3,8,1,2,4,1,11.60367983,109500,1,0,2,3,1,1,1,1
157,6,4,2,2,2,5,5,8,5,4,4,1,12.50432367,269500,1,1,3,3,2,1,0,1
158,5,4,2,7,2,5,4,8,5,3,4,3,12.44862659,254900,1,1,1,3,1,1,1,1
159,5,4,3,7,2,5,4,8,5,3,4,1,12.67607627,320000,1,1,1,3,2,1,0,1
160,5,4,2,5,2,3,3,8,1,2,4,1,11.99843328,162500,1,1,1,3,1,1,1,1
161,6,4,4,7,2,5,5,8,5,4,4,1,12.92999148,412500,1,1,3,3,1,1,1,1
162,5,4,3,5,2,5,4,8,5,3,4,1,12.30138283,220000,1,1,1,3,2,1,0,1
163,4,4,2,2,2,5,3,8,1,1,1,4,11.54442413,103200,1,1,0,1,1,1,1,1
164,4,4,3,3,2,4,4,8,1,2,4,1,11.9316358,152000,1,2,2,3,1,1,1,1
165,4,4,2,6,4,4,3,8,1,1,1,1,11.75587164,127500,1,1,0,1,1,1,1,1
166,4,4,2,3,5,5,3,8,5,4,4,3,12.15477935,190000,1,2,1,3,0,1,1,1
167,6,4,2,7,2,5,5,8,5,4,4,1,12.69349862,325624,1,1,1,3,2,1,0,1
168,5,4,2,2,2,5,4,8,5,4,4,1,12.11996995,183500,1,1,1,3,1,1,1,1
169,5,4,2,2,2,3,3,8,4,3,4,1,12.33710091,228000,1,1,1,3,1,1,1,1
170,4,4,2,4,2,3,3,8,1,2,4,1,11.76368418,128500,1,1,2,3,1,1,1,1
171,4,5,5,5,2,2,3,8,5,4,4,1,12.27839331,215000,1,1,1,3,1,0,1,1
172,5,5,2,7,4,4,4,8,4,3,4,1,12.38421883,239000,1,1,1,2,1,1,1,1
173,4,4,2,6,4,3,3,8,4,2,4,1,12.00150548,163000,1,1,1,3,0,1,1,1
174,5,3,2,6,3,3,3,6,4,4,4,1,12.12269104,184000,1,1,1,3,1,1,1,1
175,4,5,4,6,2,3,4,8,5,2,4,4,12.40081672,243000,1,1,1,3,1,1,1,1
176,5,4,2,7,2,3,3,8,4,2,4,1,12.25961341,211000,1,1,1,3,1,1,1,1
177,4,4,2,6,5,5,4,8,5,2,4,1,12.05815252,172500,1,1,1,3,1,1,1,1
178,6,4,2,7,2,5,5,8,5,4,4,1,13.12603064,501837,1,1,1,3,2,1,0,1
179,4,4,2,2,2,3,3,8,1,2,4,1,11.51292546,100000,1,1,2,2,1,0,1,1
180,5,4,2,7,2,5,4,8,4,2,4,1,12.08390501,177000,1,1,2,3,1,1,1,1
181,3,4,2,3,2,4,3,8,5,2,4,1,12.20657252,200100,1,1,2,2,1,1,1,1
182,1,1,1,1,1,5,3,8,5,3,4,4,11.69524702,120000,1,1,1,3,1,1,1,1
183,5,4,2,2,2,5,4,5,1,2,4,1,12.20607265,200000,1,1,2,3,1,0,1,1
184,3,4,2,2,2,4,3,8,1,2,4,4,11.75194237,127000,1,1,1,3,1,1,1,1
185,4,4,3,2,2,5,5,8,4,2,4,5,13.07107008,475000,1,1,2,2,1,1,1,1
186,5,4,4,7,2,5,4,8,1,2,4,5,12.06104687,173000,1,1,1,3,1,1,1,1
187,3,4,2,2,2,5,3,6,1,2,3,4,11.81303006,135000,1,1,2,2,1,0,1,1
188,5,4,4,7,2,3,3,8,4,2,4,1,11.94039339,153337,1,1,2,3,1,1,0,1
189,6,4,4,7,2,5,5,8,5,4,4,1,12.56374709,286000,1,1,1,3,1,1,1,1
190,5,5,2,4,2,3,4,4,4,2,4,1,12.66032792,315000,1,1,2,3,1,1,1,1
191,4,4,2,6,2,4,4,8,1,4,4,1,12.12269104,184000,1,1,1,3,1,1,1,1
192,5,4,4,7,2,5,4,8,1,4,4,1,12.16525065,192000,1,1,1,3,1,1,1,1
193,5,4,2,2,2,5,4,4,1,2,4,1,11.77528973,130000,1,1,2,3,1,1,1,1
194,4,4,4,6,2,3,3,8,1,2,4,1,11.75194237,127000,1,1,2,3,1,1,1,1
195,5,4,2,6,2,3,3,8,4,2,4,1,11.90834024,148500,1,1,1,3,1,1,1,1
196,6,4,2,7,2,5,5,8,5,4,4,1,12.65034813,311872,1,1,1,3,2,1,0,1
197,4,4,2,7,3,4,4,8,6,2,4,5,12.36734079,235000,1,1,2,3,1,1,0,1
198,4,4,2,2,2,5,3,8,1,1,1,4,11.55214618,104000,1,1,0,1,1,1,0,1
199,6,4,4,7,2,5,5,8,5,4,4,1,12.52416267,274900,1,1,1,3,1,1,1,1
200,5,4,2,2,2,5,3,8,1,3,4,1,11.8493977,140000,1,1,1,3,1,1,1,1
201,4,4,2,6,3,3,3,8,3,2,4,4,12.05233855,171500,1,1,2,3,1,1,1,1
202,3,4,2,3,2,4,3,7,1,2,4,1,11.62625415,112000,1,1,1,3,0,1,1,1
203,5,4,4,7,2,5,4,8,5,3,4,1,11.91170158,149000,1,1,1,3,1,1,1,1
204,4,4,2,3,2,3,3,8,1,2,4,2,11.60823564,110000,1,1,2,3,1,1,1,1
205,5,4,2,2,2,5,3,8,1,3,4,1,12.10348606,180500,1,1,1,3,1,1,1,1
206,4,4,2,2,2,3,3,6,4,3,4,1,11.87687389,143900,1,1,1,3,1,1,1,1
207,4,4,2,6,4,3,3,8,2,3,4,3,11.85651517,141000,1,1,1,3,1,1,1,1
208,5,4,5,7,2,5,3,8,5,4,4,1,12.53177279,277000,1,1,1,3,1,1,1,1
209,5,4,2,4,2,5,3,8,1,3,5,4,11.88448902,145000,1,1,1,3,1,1,1,1
210,4,4,2,4,2,3,3,8,1,1,1,1,11.49272276,98000,1,2,0,1,1,1,1,0
211,5,4,3,7,2,5,4,8,1,3,4,1,12.13350195,186000,1,1,1,3,1,1,1,1
212,5,4,2,7,2,5,4,8,4,3,4,1,12.43987123,252678,1,1,1,3,2,1,0,1
213,5,4,2,6,2,5,3,8,1,2,4,1,11.95761129,156000,1,1,1,3,1,1,1,1
214,5,4,2,7,2,5,3,8,1,4,4,4,11.99380721,161750,1,1,1,3,1,1,1,1
215,4,4,2,5,2,3,4,7,3,2,4,4,11.80894766,134450,1,1,1,3,1,1,1,1
216,5,4,3,7,2,5,4,8,1,2,4,1,12.25486281,210000,1,1,1,3,1,1,1,1
217,4,4,2,2,2,2,3,8,1,2,4,1,11.58058411,107000,1,1,2,3,1,1,0,0
218,4,4,2,5,2,5,4,8,4,2,4,1,12.64915462,311500,1,1,1,3,1,1,1,1
219,5,4,4,7,2,5,4,8,1,4,4,1,12.02718519,167240,1,1,1,3,2,1,0,1
220,5,4,3,2,2,5,4,8,1,3,4,1,12.23027733,204900,1,1,1,3,2,1,0,1
221,5,4,2,2,2,5,4,8,4,3,4,1,12.20607265,200000,1,1,3,3,0,1,1,1
222,5,4,2,6,2,3,3,8,4,3,4,4,12.10015642,179900,1,1,1,3,1,1,1,1
223,4,4,2,6,3,4,3,8,1,2,4,1,11.48246626,97000,1,1,2,3,1,1,0,1
224,6,4,5,7,2,5,5,8,6,4,4,1,12.86424011,386250,1,1,1,3,1,1,1,1
225,4,4,2,2,2,3,3,8,1,2,4,1,11.62625415,112000,1,1,2,3,0,1,0,1
226,5,4,2,7,2,5,4,8,4,3,4,1,12.5776362,290000,1,1,1,3,1,1,0,1
227,4,4,2,4,2,3,3,8,1,2,4,1,11.57119437,106000,1,1,2,3,1,1,1,1
228,4,4,2,6,2,3,3,8,3,2,4,4,11.73606902,125000,1,1,2,3,1,1,1,1
229,5,4,4,7,2,5,4,8,4,4,4,1,12.16785143,192500,1,1,1,3,1,1,1,1
230,4,4,2,2,2,3,3,8,1,3,4,1,11.90496755,148000,1,1,1,3,1,1,1,1
231,5,4,2,7,2,5,5,8,4,4,4,1,12.90669184,403000,1,1,1,3,1,1,1,1
232,4,4,2,2,2,3,3,8,2,2,4,1,11.45635511,94500,1,1,1,3,1,1,1,1
233,4,5,4,3,6,3,3,8,1,2,4,4,11.76134682,128200,1,1,1,3,1,1,1,1
234,5,4,2,7,2,5,4,8,4,4,4,1,12.28534583,216500,1,1,3,3,1,1,1,1
235,4,4,2,6,2,3,3,8,1,2,4,1,11.4019939,89500,1,1,2,3,1,1,1,1
236,5,4,4,7,2,5,4,8,1,3,4,1,12.13081016,185500,1,1,1,3,1,1,1,1
237,5,4,2,5,2,5,4,8,1,3,4,1,12.17818744,194500,1,1,1,3,1,1,1,1
238,6,4,2,2,2,5,4,8,1,4,4,1,12.66980666,318000,1,1,1,3,2,1,0,1
239,4,3,2,3,2,3,3,8,5,2,4,4,11.6351431,113000,1,2,2,3,1,1,1,1
240,5,4,4,7,2,5,4,8,1,3,4,1,12.47800636,262500,1,1,1,3,1,1,1,1
241,4,4,2,6,2,4,4,8,1,1,1,1,11.6127708,110500,1,1,0,1,1,1,1,1
242,4,4,2,2,2,4,3,8,1,2,4,1,11.27720313,79000,1,2,1,2,1,1,1,0
243,5,4,2,2,2,3,3,8,4,3,4,1,11.69524702,120000,1,1,1,3,1,1,1,1
244,5,4,2,7,2,5,4,8,3,3,4,1,12.23076526,205000,1,1,1,3,1,1,1,1
245,5,4,4,7,2,4,3,8,4,4,4,1,12.39462475,241500,1,1,1,3,1,1,1,1
246,3,4,2,2,2,4,2,8,1,2,2,1,11.8277362,137000,1,0,2,2,1,1,1,0
247,4,4,2,2,2,5,3,8,4,2,4,1,11.8493977,140000,1,1,1,3,1,1,1,1
248,5,4,2,2,2,5,4,8,1,3,4,1,12.10071213,180000,1,1,1,3,1,1,1,1
249,5,4,5,4,2,4,4,8,4,4,4,1,12.53177279,277000,1,1,1,3,1,1,1,1
250,4,4,2,2,2,5,2,5,1,1,1,3,11.24504602,76500,1,1,0,1,1,1,1,1
251,5,4,5,7,2,5,4,8,5,4,4,1,12.36734079,235000,1,1,1,3,1,1,0,1
252,5,4,2,2,2,5,4,8,1,3,4,1,12.06104687,173000,1,1,1,3,1,1,1,1
253,5,4,5,3,6,5,4,7,1,3,4,4,11.97035031,158000,1,1,1,3,0,1,1,1
254,4,4,2,4,2,3,3,8,1,3,4,1,11.88448902,145000,1,1,1,3,1,1,1,1
255,5,4,2,2,2,5,4,8,4,4,4,1,12.34583459,230000,1,1,3,3,1,1,1,1
256,5,4,2,4,2,5,4,8,1,3,4,1,12.24288662,207500,1,1,1,3,1,1,1,1
257,5,4,2,7,2,5,4,8,5,3,4,1,12.30138283,220000,1,1,1,3,1,1,0,1
258,5,4,2,7,2,5,4,8,4,3,4,1,12.35233515,231500,1,1,1,3,1,1,1,1
259,1,1,1,1,1,4,3,8,1,2,4,1,11.48246626,97000,1,2,2,3,1,1,1,1
260,4,4,5,4,6,3,3,8,4,2,4,3,12.07823927,176000,1,1,1,3,1,1,1,1
261,6,4,2,2,2,5,5,8,5,4,4,1,12.52815614,276000,1,1,3,3,2,1,0,1
262,5,5,4,6,2,3,3,8,4,2,4,3,11.92503512,151000,1,1,1,3,1,1,1,1
263,4,4,2,3,6,3,3,8,1,2,4,1,11.77528973,130000,1,1,2,3,1,1,1,1
264,3,4,2,2,2,4,3,8,1,2,4,1,11.19821472,73000,1,0,2,3,1,0,1,0
265,5,4,2,7,3,3,4,8,4,4,4,5,12.07539432,175500,1,1,1,3,1,1,1,1
266,5,4,4,7,2,4,3,8,4,4,4,1,12.1281111,185000,1,1,1,3,1,1,1,1
267,4,4,2,3,2,5,4,8,5,2,4,1,12.09793049,179500,1,1,2,3,1,1,1,1
268,4,4,2,6,4,5,3,8,5,4,6,1,11.69940503,120500,1,1,2,2,1,1,1,1
269,4,5,2,5,2,3,3,8,3,3,5,5,11.90496755,148000,1,1,1,3,1,1,1,1
270,5,4,3,2,2,4,4,8,5,3,4,1,12.49125159,266000,1,1,1,3,2,1,0,1
271,5,4,5,3,7,5,3,5,4,2,4,1,12.39462475,241500,1,1,1,3,1,1,1,1
272,5,4,2,7,2,5,4,8,5,4,4,1,12.5776362,290000,1,1,1,3,1,1,1,1
273,4,4,2,4,3,4,3,7,5,3,4,4,11.84222921,139000,1,1,1,3,1,1,1,1
274,4,4,5,6,2,3,3,8,1,2,4,1,11.73206099,124500,1,1,1,3,1,1,1,1
275,4,4,2,2,2,4,5,8,1,2,4,1,12.23076526,205000,1,1,2,3,1,1,1,0
276,6,4,2,2,2,5,4,8,1,4,4,1,12.21106019,201000,1,1,1,3,1,1,1,1
277,4,4,2,3,2,5,3,8,1,2,4,1,11.85651517,141000,1,1,2,3,1,1,1,1
278,6,4,5,2,2,5,5,8,6,4,4,1,12.93675161,415298,1,1,1,3,2,1,0,1
279,5,4,2,5,2,5,3,8,4,4,4,1,12.16525065,192000,1,1,1,3,1,1,1,1
280,5,4,4,7,2,4,4,8,4,4,4,1,12.33929149,228500,1,1,1,3,1,1,1,1
281,5,4,2,7,2,4,4,8,1,4,4,1,12.1281111,185000,1,1,1,3,2,1,0,1
282,5,4,2,7,2,5,4,8,5,3,4,1,12.24288662,207500,1,1,1,3,0,1,1,1
283,5,4,2,2,2,5,4,8,5,4,4,1,12.4073795,244600,1,1,1,3,2,1,0,1
284,5,4,2,7,2,4,4,8,1,3,4,1,12.09625778,179200,1,1,1,3,1,1,1,1
285,5,4,2,2,2,5,4,8,1,3,4,1,12.01188092,164700,1,1,2,3,2,1,0,1
286,4,4,2,4,2,3,4,8,5,3,4,5,11.97665948,159000,1,1,1,3,1,1,1,1
287,4,4,2,5,2,3,3,8,1,1,1,1,11.38509209,88000,1,1,0,1,1,1,1,1
288,4,4,2,5,2,3,3,8,1,2,4,4,11.71177632,122000,1,1,2,3,1,1,1,1
289,4,4,2,2,2,5,3,8,1,2,4,1,11.94194433,153575,1,2,2,3,1,1,1,1
290,5,4,4,2,2,5,4,8,5,3,4,1,12.35978037,233230,1,1,1,2,2,1,0,1
291,4,3,2,4,2,5,2,8,1,1,1,1,11.8196746,135900,1,1,0,1,1,0,1,0
292,4,4,2,3,2,4,3,6,5,2,4,1,11.7829526,131000,1,1,1,3,1,1,1,1
293,4,4,2,6,2,2,4,8,4,4,4,1,12.36734079,235000,1,1,1,3,1,1,1,1
294,4,4,2,7,2,3,3,8,5,4,4,1,12.02574909,167000,1,1,1,3,1,1,1,1
295,4,4,4,7,2,3,3,8,1,2,4,5,11.86709728,142500,1,1,2,3,1,1,1,1
296,4,4,2,5,2,3,3,8,1,2,4,4,11.9316358,152000,1,2,1,3,1,1,1,1
297,5,4,2,5,2,5,4,8,4,3,4,1,12.38421883,239000,1,1,2,3,1,1,1,1
298,4,4,2,6,4,4,3,8,5,2,4,1,12.07254125,175000,1,1,1,3,1,1,1,1
299,4,4,2,2,2,5,4,8,5,2,4,5,11.97350987,158500,1,1,1,3,1,1,0,1
300,4,4,3,5,2,3,3,8,5,2,4,1,11.96400108,157000,1,1,1,3,1,1,1,1
301,5,4,2,7,2,5,4,8,4,4,4,1,12.49500394,267000,1,1,3,3,1,1,1,1
302,5,4,2,2,2,5,4,8,4,3,4,1,12.23076526,205000,1,1,1,3,1,1,1,1
303,4,4,2,6,2,3,3,8,1,2,4,3,11.91772368,149900,1,1,1,3,1,1,0,1
304,4,4,2,2,2,5,4,8,6,2,4,1,12.59473064,295000,1,1,1,3,1,1,1,1
305,5,4,2,7,2,5,4,8,1,4,4,1,12.63101353,305900,1,1,1,3,1,1,1,1
306,5,4,2,6,2,4,4,8,4,3,4,1,12.32385568,225000,1,1,1,3,1,1,1,1
307,4,4,2,2,2,3,2,8,1,1,1,4,11.4019939,89500,1,2,0,1,1,0,1,1
308,4,4,2,5,2,5,3,8,1,2,4,1,11.32055357,82500,1,1,2,3,1,1,1,1
309,6,4,5,7,2,5,5,8,6,4,4,1,12.79385931,360000,1,1,1,3,1,1,1,1
310,5,4,2,6,2,4,4,8,4,4,4,1,12.01733052,165600,1,1,1,3,1,1,1,1
311,4,4,2,6,2,5,3,8,5,2,4,1,11.7905572,132000,1,1,2,3,1,1,1,1
312,5,4,3,4,2,3,3,8,5,2,4,4,11.69441334,119900,1,1,2,3,1,1,1,1
313,5,4,5,6,4,3,3,8,5,3,4,1,12.8346813,375000,1,1,1,3,1,1,1,1
314,4,5,2,3,2,5,5,8,5,2,4,1,12.08953883,178000,1,1,2,2,1,1,1,1
315,5,4,2,7,2,5,4,8,5,4,4,1,12.14685329,188500,1,1,1,3,1,1,1,1
316,5,4,2,7,2,3,5,8,4,3,4,5,12.46843691,260000,1,1,1,3,1,1,1,1
317,5,4,4,2,2,5,4,8,5,3,4,1,12.50617724,270000,1,1,1,3,1,1,1,1
318,5,4,5,7,2,5,4,8,4,3,4,1,12.46843691,260000,1,1,1,3,1,1,1,1
319,5,4,4,7,2,3,3,8,4,2,4,1,12.14153412,187500,1,1,1,3,1,1,1,1
320,6,5,4,2,2,5,4,8,1,3,4,1,12.74444437,342643,1,1,1,3,2,1,0,1
321,6,4,4,7,2,5,4,8,5,4,4,1,12.77705219,354000,1,1,3,3,1,1,1,1
322,4,4,5,3,6,5,4,8,4,4,4,4,12.61486554,301000,1,1,1,3,1,1,1,1
323,4,4,2,6,2,5,3,8,1,2,4,1,11.74542511,126175,1,1,1,2,1,1,1,1
324,5,4,2,2,2,5,4,8,5,4,4,1,12.39669301,242000,1,1,3,3,1,1,1,1
325,4,4,4,5,2,1,3,8,1,2,4,1,11.3736634,87000,1,0,2,3,1,1,1,0
326,5,4,5,7,2,5,4,8,5,4,4,1,12.68849879,324000,1,1,1,3,0,1,1,1
327,4,4,2,4,2,3,3,8,1,3,4,1,11.88621167,145250,1,1,1,3,1,1,1,1
328,4,4,2,2,2,4,4,8,1,2,4,1,12.27606502,214500,1,2,2,3,1,1,1,0
329,4,4,3,2,2,3,3,8,1,2,3,3,11.26446411,78000,1,1,2,2,1,0,1,0
330,4,4,2,7,4,3,3,8,1,2,4,1,11.68687877,119000,1,1,2,3,1,1,1,1
331,4,4,2,4,2,2,3,8,1,3,4,1,11.84222921,139000,1,1,1,3,1,1,1,1
332,5,4,2,7,1,5,4,8,5,3,4,1,12.55672952,284000,1,1,1,3,1,1,1,1
333,5,4,4,7,2,5,4,8,5,3,4,1,12.24047407,207000,1,1,1,3,1,1,1,1
334,5,4,5,7,2,4,3,8,4,4,4,1,12.16525065,192000,1,1,1,3,1,1,1,1
335,4,4,5,6,5,5,3,8,5,4,4,1,12.34125892,228950,1,1,1,3,1,1,1,1
336,6,4,5,7,2,5,4,8,5,4,4,1,12.8411298,377426,1,1,1,3,1,1,1,1
337,5,4,4,7,2,5,4,8,1,3,4,1,12.27373129,214000,1,1,1,3,1,1,1,1
338,5,4,3,6,2,5,4,8,1,3,4,1,12.21849517,202500,1,1,1,3,1,1,1,1
339,4,3,2,4,2,3,3,8,1,2,4,1,11.9511804,155000,1,2,1,3,1,1,1,1
340,5,4,2,2,2,5,4,8,1,4,4,1,12.22046853,202900,1,1,1,3,1,1,1,1
341,4,3,2,2,2,4,3,8,1,2,4,1,11.31447453,82000,1,1,0,3,1,0,1,1
342,1,1,1,1,1,2,3,8,1,2,4,1,11.37939407,87500,0,2,2,3,1,1,1,0
343,6,4,2,7,2,5,5,8,6,3,4,1,12.49125159,266000,1,1,1,3,1,1,1,1
344,5,4,2,4,5,3,3,8,1,2,4,1,11.35040654,85000,1,1,1,3,1,1,1,1
345,4,4,2,2,2,4,2,8,5,2,4,1,11.85082525,140200,1,1,2,3,1,1,1,1
346,4,4,3,5,2,3,3,8,1,3,4,1,11.9283409,151500,1,1,1,3,1,1,1,1
347,4,4,2,5,2,5,3,8,5,2,4,1,11.96718074,157500,1,2,1,3,1,1,1,1
348,5,4,2,7,2,5,4,8,1,3,4,1,11.94470788,154000,1,1,3,3,1,1,1,1
349,6,4,2,7,2,5,5,8,6,4,4,1,12.98804081,437154,1,1,1,3,2,1,0,1
350,6,4,2,2,2,5,5,8,5,3,4,1,12.66999847,318061,1,1,1,3,2,1,0,1
351,5,4,5,7,2,4,4,8,4,3,4,1,12.15477935,190000,1,1,1,3,1,1,0,1
352,4,3,3,3,4,3,3,8,1,2,3,1,11.46163217,95000,1,1,2,3,0,1,1,0
353,4,4,2,2,2,4,3,8,1,2,4,1,11.57025053,105900,1,1,2,3,1,1,1,1
354,4,4,2,3,2,5,3,8,5,2,4,1,11.8493977,140000,1,1,1,3,1,1,1,1
355,5,5,2,6,5,5,4,8,1,3,4,1,12.08672589,177500,1,1,1,3,1,1,1,1
356,5,4,2,7,2,4,4,8,1,3,4,1,12.06104687,173000,1,1,1,3,1,1,1,1
357,5,4,2,6,2,3,3,8,2,4,4,4,11.80559508,134000,1,1,1,3,1,1,1,1
358,4,4,4,5,4,5,4,6,1,2,4,1,11.77528973,130000,1,0,3,3,1,1,0,1
359,5,4,4,7,2,5,4,8,4,3,4,1,12.54254488,280000,1,1,1,3,1,1,1,1
360,5,4,4,7,2,5,3,8,4,3,4,4,11.95761129,156000,1,1,1,3,1,1,1,1
361,4,4,2,4,2,4,3,8,1,2,4,1,11.88448902,145000,1,1,2,3,1,0,1,1
362,1,1,1,1,1,5,4,8,6,3,4,1,12.19854438,198500,1,1,3,3,0,1,1,1
363,4,4,2,6,2,4,4,8,1,2,4,1,11.6784399,118000,1,1,2,3,1,1,1,1
364,5,4,3,7,2,3,3,8,4,4,4,1,12.15477935,190000,1,1,1,3,1,1,1,1
365,4,3,2,4,2,4,3,8,1,2,3,1,11.89818787,147000,1,2,2,3,1,1,1,1
366,5,4,2,5,2,4,3,8,5,3,4,1,11.97665948,159000,1,1,1,3,1,1,1,1
367,5,4,5,7,2,4,3,8,5,3,4,1,12.01370075,165000,1,1,0,3,1,1,1,1
368,4,4,2,3,2,4,3,8,5,4,4,1,11.7905572,132000,1,1,1,3,1,1,1,1
369,4,4,2,6,4,5,4,8,5,4,4,1,11.99535161,162000,1,1,2,3,1,1,1,1
370,5,4,2,2,2,5,3,8,4,3,4,1,12.05757264,172400,1,1,1,3,1,1,1,1
371,1,1,1,1,1,3,3,6,5,4,4,1,11.80881377,134432,1,1,2,3,1,0,1,1
372,5,4,2,6,3,3,3,8,1,2,4,4,11.73606902,125000,1,1,1,3,1,1,1,1
373,4,4,2,5,3,3,3,6,1,2,4,3,11.71993963,123000,1,1,1,3,1,1,1,1
374,5,4,2,2,2,5,4,8,5,4,4,1,12.29910751,219500,1,1,3,3,1,1,1,1
375,3,2,5,5,2,4,2,4,1,1,1,1,11.01862914,61000,1,2,0,1,1,1,1,0
376,5,4,4,7,2,5,3,8,1,2,4,1,11.90496755,148000,1,1,2,3,1,1,1,1
377,5,4,2,2,2,5,4,8,5,3,4,1,12.7367009,340000,1,1,1,3,1,1,1,1
378,6,4,4,7,2,5,5,8,6,4,4,1,12.88520203,394432,1,1,1,3,2,1,0,1
379,5,4,2,2,2,5,3,8,4,4,4,1,12.09514108,179000,1,1,1,3,1,1,1,1
380,4,4,2,3,2,3,4,8,5,2,4,1,11.75194237,127000,1,1,2,3,1,1,1,1
381,5,5,2,2,2,5,4,8,5,3,4,1,12.14286657,187750,1,1,1,3,2,1,0,1
382,5,4,4,2,2,5,4,8,1,3,4,1,12.27139211,213500,1,1,1,3,1,1,1,1
383,3,3,2,2,2,3,3,8,1,2,3,1,11.23848862,76000,1,2,2,2,1,0,1,0
384,5,4,4,7,2,5,4,8,3,4,4,1,12.3883942,240000,1,1,1,3,1,1,1,1
385,5,4,2,7,2,5,4,8,4,4,4,1,12.16525065,192000,1,1,1,3,1,1,1,1
386,4,4,2,2,2,3,3,8,1,1,1,1,11.30220443,81000,1,1,0,1,1,0,0,1
387,4,4,4,6,2,5,3,8,3,2,4,3,11.73606902,125000,1,1,2,3,1,1,0,1
388,5,4,2,2,2,5,4,8,1,3,4,1,12.16002871,191000,1,1,1,3,1,1,1,1
389,6,4,4,7,2,5,5,8,6,4,4,1,12.96219463,426000,1,1,3,3,2,1,0,1
390,4,5,2,4,5,5,3,8,1,2,4,4,11.68687877,119000,1,1,2,3,1,1,1,1
391,6,4,2,6,2,5,4,8,4,4,4,1,12.27839331,215000,1,1,3,3,1,1,1,1
392,1,1,1,1,1,3,3,8,1,3,4,4,11.57590026,106500,1,1,1,3,1,1,1,1
393,4,4,2,4,2,3,3,8,4,1,1,3,11.51292546,100000,1,2,0,1,1,1,0,1
394,4,4,2,2,2,4,3,8,1,2,4,1,11.59910316,109000,1,2,2,3,1,1,1,1
395,4,4,4,5,2,3,3,8,1,2,4,1,11.76756768,129000,1,1,1,3,1,1,1,1
396,4,4,4,4,2,3,3,8,1,3,4,1,11.71993963,123000,1,1,2,3,1,1,1,1
397,4,4,2,6,2,3,3,8,4,3,4,1,12.04060821,169500,1,1,1,3,1,1,1,1
398,3,2,2,2,2,4,3,3,1,2,2,1,11.1124479,67000,1,0,2,2,1,0,0,1
399,5,4,2,7,2,5,4,8,1,4,4,1,12.39255221,241000,1,1,1,3,1,1,1,1
400,5,4,2,7,2,5,5,8,5,4,4,1,12.41105223,245500,1,1,1,3,1,1,1,1
401,5,4,4,7,2,5,4,8,5,4,4,1,12.01364014,164990,1,1,1,3,2,1,0,1
402,4,4,2,2,2,5,3,8,1,2,4,5,11.58988651,108000,1,1,2,3,1,0,1,1
403,5,4,2,2,2,4,4,8,4,4,4,1,12.46071486,258000,1,1,3,3,1,1,0,1
404,5,4,2,2,2,4,3,8,4,4,4,1,12.03171926,168000,1,1,3,3,1,1,1,1
405,4,4,2,5,2,5,3,7,4,2,4,3,11.91839057,150000,1,1,1,3,1,1,1,1
406,4,4,2,2,2,5,3,3,1,2,4,1,11.65268741,115000,1,2,2,3,1,1,1,1
407,5,4,2,2,2,5,3,8,1,2,4,1,12.08390501,177000,1,1,1,3,1,1,1,1
408,6,5,2,2,2,5,4,8,5,3,4,1,12.54254488,280000,1,1,1,3,2,1,0,1
409,6,4,2,7,2,5,5,8,5,4,4,1,12.73596533,339750,1,1,1,3,2,1,0,1
410,4,3,2,2,2,3,3,5,1,2,4,1,11.00209984,60000,1,2,1,3,0,1,0,1
411,4,4,3,4,2,3,3,8,1,4,4,1,11.88448902,145000,1,1,1,3,1,1,1,0
412,6,4,4,7,2,5,4,8,5,4,4,1,12.31043266,222000,1,1,1,3,2,1,0,1
413,4,4,2,2,2,4,3,8,5,2,4,1,11.65268741,115000,1,2,2,3,1,1,1,1
414,5,4,2,5,7,5,4,8,4,2,4,1,12.33710091,228000,1,1,1,3,1,1,1,1
415,5,4,4,7,2,5,4,8,1,4,4,1,12.10699237,181134,1,1,1,3,2,1,0,1
416,4,4,2,6,2,3,3,8,4,4,4,1,11.91505167,149500,1,1,1,3,1,1,1,1
417,5,4,2,5,2,3,3,8,5,2,4,1,12.38421883,239000,1,2,2,3,1,0,1,0
418,4,4,2,6,2,2,3,8,1,2,4,1,11.74403719,126000,1,0,2,3,1,0,0,0
419,4,4,2,5,2,5,3,8,3,2,4,1,11.86358234,142000,1,1,1,3,1,1,1,1
420,5,5,5,7,2,5,3,8,1,4,4,1,12.2370867,206300,1,1,1,3,1,1,0,1
421,5,4,2,6,2,4,4,8,4,4,4,1,12.27839331,215000,1,1,1,3,1,1,1,1
422,4,4,2,2,2,5,3,8,1,3,4,1,11.6351431,113000,1,2,1,3,1,0,1,1
423,5,4,2,7,2,4,4,8,4,4,4,1,12.66032792,315000,1,1,1,3,1,1,1,1
424,5,4,2,3,2,4,3,8,5,3,4,1,11.84222921,139000,1,2,1,3,1,1,1,1
425,4,4,2,2,2,4,3,8,5,2,4,1,11.81303006,135000,1,1,2,3,1,0,1,1
426,5,4,5,7,2,4,4,8,4,4,4,1,12.52452638,275000,1,1,1,3,1,1,1,1
427,4,4,2,4,2,5,3,8,1,2,4,1,11.59917655,109008,1,1,2,3,1,1,1,1
428,5,4,2,7,2,5,4,8,1,3,4,1,12.18280402,195400,1,1,1,3,2,1,0,1
429,5,4,3,7,2,3,4,8,4,2,4,1,12.07254125,175000,1,1,1,3,1,1,1,1
430,4,4,2,6,2,3,3,8,1,2,4,1,11.35510138,85400,1,1,2,3,0,1,0,1
431,4,4,2,2,2,4,3,8,1,1,1,4,11.28853113,79900,1,1,0,1,0,0,0,1
432,4,4,2,6,2,5,3,7,1,2,4,1,11.71586631,122500,1,1,2,3,1,1,1,1
433,5,4,2,2,2,5,3,8,4,4,4,1,12.10625231,181000,1,1,1,3,1,1,1,1
434,5,4,4,6,2,4,3,8,1,1,1,1,11.30220443,81000,1,1,0,1,1,1,1,1
435,5,4,4,7,6,5,4,8,4,3,4,1,12.26434155,212000,1,1,1,3,0,1,1,1
436,3,4,2,2,2,3,3,8,1,2,4,1,11.66134547,116000,1,2,2,3,1,1,1,1
437,4,4,2,2,2,4,3,8,1,2,4,1,11.68687877,119000,1,1,2,3,1,1,1,1
438,4,4,2,3,2,3,4,8,5,2,4,4,11.4114463,90350,1,1,2,2,1,0,1,0
439,4,3,3,2,2,4,4,8,1,2,4,5,11.60823564,110000,1,1,2,3,0,1,1,1
440,6,4,5,7,6,5,5,8,5,4,4,1,13.22672339,555000,1,1,1,3,1,1,1,1
441,4,4,2,6,2,3,2,8,1,1,1,1,11.6784399,118000,1,0,0,1,1,1,1,0
442,4,4,2,2,2,3,3,8,5,2,4,1,12.00089179,162900,1,1,2,3,1,0,1,1
443,6,4,4,2,2,5,4,8,5,4,4,1,12.05815252,172500,1,1,1,3,2,1,0,1
444,5,4,2,7,2,5,4,8,4,2,4,1,12.25486281,210000,1,1,1,3,1,1,1,1
445,4,4,2,2,2,2,3,8,5,2,4,4,11.75587164,127500,1,1,1,3,0,1,1,1
446,4,4,2,6,4,5,4,5,5,4,4,1,12.15477935,190000,1,1,1,3,1,1,1,1
447,5,4,2,2,2,4,4,8,4,4,4,1,12.20557252,199900,1,1,1,3,1,1,1,1
448,4,4,2,2,2,3,3,8,5,2,4,1,11.69107165,119500,1,1,2,3,1,0,1,1
449,4,4,2,6,2,5,3,8,1,2,4,1,11.69524702,120000,1,1,2,3,1,1,1,1
450,4,4,2,2,2,5,4,8,1,2,3,1,11.60823564,110000,1,2,2,2,1,0,1,1
451,5,4,5,6,2,3,4,8,4,2,4,1,12.54254488,280000,1,1,1,3,1,1,1,1
452,6,4,2,6,2,5,3,8,1,4,4,1,12.22587527,204000,1,1,1,3,1,1,1,1
453,5,4,2,2,2,5,4,8,1,3,4,1,12.25486281,210000,1,1,1,3,1,1,1,1
454,4,4,2,6,2,3,3,8,1,2,4,1,12.14419724,188000,1,1,2,3,1,1,0,1
455,4,4,2,6,2,2,3,8,4,2,4,1,12.07539432,175500,1,1,1,3,1,1,1,1
456,4,4,2,2,2,2,3,8,1,2,3,1,11.49272276,98000,1,1,2,2,0,1,0,0
457,5,4,5,5,2,5,4,7,5,4,4,1,12.45293272,256000,1,1,1,3,1,1,1,1
458,4,4,2,2,2,2,4,8,5,2,4,4,11.98915964,161000,1,1,2,3,1,1,1,1
459,4,4,2,3,2,3,4,8,4,2,4,1,11.60823564,110000,1,1,2,3,1,1,1,1
460,5,4,2,7,2,5,3,8,1,4,4,1,12.48156194,263435,1,1,3,3,2,1,0,1
461,5,5,2,6,5,5,4,8,1,3,4,4,11.9511804,155000,1,1,2,3,1,1,1,1
462,4,4,2,4,5,4,3,8,2,2,4,3,11.04104808,62383,1,1,2,3,1,1,1,1
463,4,4,2,3,2,2,3,8,5,2,4,1,12.14791373,188700,1,2,2,3,1,1,1,1
464,5,4,2,4,2,3,3,8,1,1,1,1,11.72803684,124000,1,1,0,1,1,1,1,1
465,5,4,2,2,2,5,4,8,4,4,4,1,12.09368751,178740,1,1,1,3,1,1,1,1
466,4,5,5,7,2,3,3,8,2,2,4,3,12.02574909,167000,1,1,1,3,1,1,1,1
467,4,4,2,3,2,5,4,8,5,2,4,1,11.89478071,146500,1,1,1,3,1,1,1,1
468,5,4,2,2,2,5,4,8,5,3,4,1,12.4292162,250000,1,1,1,3,1,1,1,1
469,5,4,2,7,2,5,4,8,1,3,4,1,12.1388639,187000,1,1,1,3,1,1,1,1
470,5,4,4,7,5,3,4,8,1,3,4,1,12.26434155,212000,1,1,1,3,1,1,1,1
471,5,4,2,2,2,3,3,8,5,3,4,1,12.15477935,190000,1,1,1,3,1,1,1,1
472,5,4,5,7,2,5,3,8,1,3,4,1,11.90496755,148000,1,1,0,3,1,1,1,1
473,6,4,5,7,2,5,4,8,6,3,4,1,12.99453001,440000,1,1,1,3,2,1,0,1
474,5,4,4,7,2,5,5,8,1,3,4,1,12.43320822,251000,1,1,1,3,1,1,1,1
475,4,4,2,7,2,3,3,8,1,2,4,1,11.79433792,132500,1,1,2,3,1,1,1,1
476,5,4,5,7,2,5,4,8,4,4,4,1,12.24961095,208900,1,1,1,3,1,1,1,1
477,5,4,4,2,2,5,5,8,5,4,4,1,12.84792653,380000,1,1,3,3,1,1,1,1
478,6,4,5,7,2,5,4,8,5,3,4,1,12.60148742,297000,1,1,1,3,1,1,1,1
479,3,4,2,4,2,3,3,8,1,2,4,4,11.40166983,89471,1,1,2,3,1,1,0,1
480,6,4,5,7,2,5,4,8,5,4,4,1,12.69465266,326000,1,1,1,3,1,1,1,1
481,6,4,5,7,2,5,5,8,5,4,4,1,12.83201108,374000,1,1,1,3,1,1,1,1
482,4,4,2,6,2,5,5,6,5,2,3,1,11.9511804,155000,1,1,1,2,1,1,1,1
483,6,4,2,7,2,5,3,8,1,2,4,1,12.00762171,164000,1,1,1,3,1,1,1,1
484,4,4,2,6,2,4,4,8,1,2,4,1,11.79433792,132500,1,1,2,3,1,1,1,1
485,4,4,2,6,2,4,4,8,5,2,4,1,11.89818787,147000,1,1,1,3,1,1,1,1
486,4,4,2,6,2,3,3,8,1,3,4,1,11.95761129,156000,1,1,1,3,1,1,1,1
487,5,4,4,6,2,4,3,8,4,2,4,1,12.07254125,175000,1,1,1,3,1,1,1,1
488,4,3,2,5,2,3,3,5,5,2,3,1,11.98292909,160000,1,2,1,3,0,0,1,0
489,5,4,4,7,2,3,4,8,1,2,4,1,11.36210258,86000,1,1,1,3,1,1,1,1
490,5,4,3,2,2,3,3,8,5,4,4,1,11.65268741,115000,1,1,3,3,1,1,1,1
491,4,4,2,5,4,3,2,8,4,2,4,4,11.79810441,133000,1,2,1,3,1,1,1,1
492,5,4,2,2,2,4,3,8,1,3,4,1,12.05980333,172785,1,1,1,3,2,1,0,1
493,4,4,2,5,3,3,3,8,3,2,4,1,11.9511804,155000,1,2,2,3,1,1,1,1
494,3,4,2,2,2,4,3,8,1,2,4,1,11.42190607,91300,1,2,1,3,1,1,1,1
495,4,4,2,4,2,3,3,8,1,1,1,3,10.46024211,34900,1,2,0,1,1,0,0,0
496,5,4,2,7,2,5,4,8,5,3,4,1,12.97154049,430000,1,1,1,3,1,1,1,1
497,4,4,2,4,2,5,3,8,1,2,4,5,12.12269104,184000,1,1,2,3,1,0,1,1
498,4,4,2,6,2,5,4,8,1,4,4,4,11.77528973,130000,1,1,1,3,1,1,1,1
499,4,4,2,5,3,2,3,8,1,4,4,2,11.69524702,120000,1,1,1,3,1,1,1,1
500,4,4,2,5,2,3,3,8,1,2,4,1,11.6351431,113000,1,1,2,3,1,1,1,1
501,5,4,2,7,2,4,4,8,1,3,4,1,12.33138284,226700,1,1,1,3,1,1,1,1
502,4,4,2,6,7,5,3,8,1,2,3,5,11.8493977,140000,1,1,2,2,1,1,1,1
503,4,4,2,6,2,3,3,8,4,4,4,3,12.57418197,289000,1,1,1,3,1,1,1,1
504,4,4,2,6,4,3,3,8,3,2,4,1,11.89818787,147000,1,1,1,3,1,1,1,1
505,4,4,2,2,2,4,3,8,1,2,4,1,11.73206099,124500,1,1,2,3,0,0,1,1
506,5,4,2,7,2,5,4,8,4,3,4,1,12.27839331,215000,1,1,1,3,1,1,1,1
507,5,4,2,7,2,5,4,8,1,4,4,1,12.24673463,208300,1,1,1,3,2,1,0,1
508,4,4,2,4,2,5,4,8,5,2,4,1,11.98915964,161000,1,1,2,3,1,0,1,1
509,4,4,2,6,2,5,3,8,1,3,4,4,11.73206099,124500,1,1,1,3,1,1,1,1
510,4,4,2,5,4,5,3,7,4,2,4,1,12.01309451,164900,1,1,0,3,1,1,1,1
511,5,4,2,2,2,5,4,8,5,3,4,1,12.21930965,202665,1,1,1,3,2,1,0,1
512,4,4,2,5,3,3,3,8,1,2,4,1,11.7745202,129900,1,1,2,3,1,1,1,1
513,4,4,2,6,2,3,3,8,1,2,4,1,11.80559508,134000,1,1,1,3,1,1,1,1
514,4,4,2,2,2,2,3,8,1,2,2,4,11.47729829,96500,0,1,2,2,1,1,1,0
515,6,4,2,7,2,5,5,8,5,4,4,1,12.90634687,402861,1,1,1,3,2,1,0,1
516,4,4,2,2,2,3,3,8,4,3,4,5,11.97035031,158000,1,1,1,3,0,1,0,1
517,5,4,2,2,2,5,4,8,4,3,4,1,12.4874851,265000,1,1,1,3,1,1,1,1
518,5,4,3,7,2,5,3,8,1,3,4,4,12.25961341,211000,1,1,1,3,1,1,1,1
519,5,4,2,2,2,5,4,8,5,2,4,4,12.36307639,234000,1,1,2,3,1,1,1,1
520,1,1,1,1,1,3,3,8,1,1,1,1,11.57355009,106250,1,2,0,1,1,0,1,0
521,4,4,2,4,2,5,3,8,5,2,4,1,11.91839057,150000,1,2,1,3,1,1,1,1
522,4,4,2,6,2,5,3,8,5,2,4,1,11.97665948,159000,1,1,2,3,1,1,1,1
523,6,4,5,7,2,5,5,8,5,4,4,1,12.12675884,184750,1,1,3,3,2,1,0,1
524,5,4,2,7,2,5,4,8,4,4,4,1,12.66270604,315750,1,1,1,3,1,1,1,1
525,5,4,2,2,2,5,4,8,4,2,4,1,12.07823927,176000,1,1,1,3,1,1,1,1
526,5,4,2,4,2,3,3,8,1,2,4,1,11.7905572,132000,1,1,1,3,1,1,1,1
527,6,4,4,7,2,5,5,8,5,4,4,1,13.00865926,446261,1,1,1,3,2,1,0,1
528,4,4,3,6,2,5,3,8,1,1,1,1,11.36210258,86000,1,1,0,1,1,0,1,1
529,4,4,2,4,2,3,3,4,4,3,4,1,12.20918779,200624,1,1,1,3,1,1,0,1
530,5,4,4,7,2,5,4,8,3,3,4,1,12.07254125,175000,1,1,1,3,1,1,0,1
531,3,3,3,2,2,5,3,8,1,4,3,1,11.75978554,128000,1,1,2,3,1,1,1,1
532,1,1,1,1,1,5,3,5,2,2,4,1,11.58524613,107500,1,1,2,3,1,1,1,1
533,1,1,1,1,1,2,2,8,1,1,1,1,10.5789798,39300,1,0,0,1,1,0,1,0
534,6,5,4,2,2,5,4,8,5,4,4,1,12.08953883,178000,1,1,1,3,1,1,1,1
535,5,4,5,7,2,3,3,8,1,1,1,1,11.58524613,107500,1,1,0,1,1,0,1,1
536,5,4,4,2,2,5,4,8,1,4,4,1,12.14419724,188000,1,1,1,3,1,1,1,1
537,4,4,2,5,2,3,3,8,1,2,4,2,11.6195352,111250,1,1,2,3,0,1,1,1
538,4,4,2,5,2,3,3,8,3,2,4,1,11.97035031,158000,1,1,1,3,1,1,1,1
539,5,4,4,7,2,5,4,8,4,3,4,4,12.51355735,272000,1,1,1,3,1,1,1,1
540,6,4,4,7,2,5,5,8,5,4,4,1,12.66032792,315000,1,1,1,3,1,1,1,1
541,5,4,2,2,2,5,4,8,4,4,4,1,12.42118403,248000,1,1,3,3,1,1,1,1
542,6,4,2,3,7,5,4,4,4,4,4,1,12.27022047,213250,1,1,1,3,1,1,1,1
543,5,4,4,7,3,5,3,8,1,4,4,1,11.79810441,133000,1,1,1,3,1,1,1,1
544,5,5,4,7,2,5,4,8,5,3,4,1,12.09884928,179665,1,1,1,3,2,1,0,1
545,5,5,2,7,3,4,4,8,1,2,4,1,12.34147728,229000,1,1,1,3,1,1,1,1
546,5,4,2,4,2,5,3,8,5,2,4,1,12.25486281,210000,1,2,2,3,1,1,1,1
547,5,4,4,6,2,5,3,8,1,2,4,1,11.77143616,129500,1,1,2,3,1,1,1,1
548,4,4,2,3,4,3,3,8,1,3,4,4,11.73606902,125000,1,1,2,3,1,1,1,1
549,5,4,2,2,2,5,4,8,5,4,4,1,12.47990931,263000,1,1,3,3,1,1,1,1
550,5,4,2,6,2,3,3,8,1,3,4,1,11.8493977,140000,1,1,1,3,0,1,0,1
551,4,4,2,4,2,4,3,8,1,4,4,1,11.6307085,112500,1,2,1,3,1,1,1,1
552,6,4,4,2,2,5,4,8,5,3,4,1,12.45097769,255500,1,1,1,3,1,1,1,1
553,1,1,1,1,1,5,4,8,1,4,4,4,11.58988651,108000,1,1,2,3,1,0,1,1
554,5,4,2,7,2,5,4,8,5,3,4,1,12.55672952,284000,1,1,3,3,1,1,1,1
555,4,3,2,2,2,3,3,8,5,2,4,1,11.6351431,113000,1,2,2,3,1,1,1,1
556,4,4,2,4,2,3,3,8,4,4,4,2,11.85651517,141000,1,2,1,3,1,1,1,1
557,4,4,2,4,2,4,3,8,1,2,4,1,11.58988651,108000,1,1,0,3,0,1,1,1
558,5,4,5,7,2,5,3,8,4,2,4,1,12.07254125,175000,1,1,1,3,1,1,1,1
559,5,4,5,2,2,5,4,8,4,4,4,1,12.36307639,234000,1,1,1,3,1,1,1,1
560,5,4,2,6,2,3,3,5,5,2,4,1,11.70766954,121500,1,1,2,3,1,1,1,1
561,5,4,4,6,3,4,3,8,4,3,4,1,12.04355372,170000,1,1,1,3,1,1,1,1
562,4,4,2,5,2,5,3,8,5,1,1,1,11.58988651,108000,1,1,0,1,1,1,1,1
563,5,4,3,2,2,5,3,8,5,4,4,1,12.1281111,185000,1,1,2,3,1,0,1,1
564,5,4,2,7,2,5,4,8,4,3,4,1,12.49874226,268000,1,1,1,3,1,1,1,1
565,5,4,2,2,2,3,2,8,1,2,4,1,11.75978554,128000,1,0,2,3,1,1,1,0
566,5,5,2,2,2,5,5,8,5,4,4,1,12.69158046,325000,1,1,3,3,1,1,1,1
567,5,4,2,7,2,5,4,8,1,3,4,1,12.27373129,214000,1,1,1,3,1,1,1,1
568,5,4,5,7,2,5,4,6,5,4,4,1,12.66539443,316600,1,1,3,2,1,1,1,1
569,5,4,5,7,2,3,3,8,4,2,4,1,11.820116,135960,1,1,2,3,1,1,1,1
570,4,4,2,3,2,3,3,8,1,2,4,1,11.86779879,142600,1,1,2,3,1,1,1,1
571,4,4,2,5,2,5,4,8,1,2,4,1,11.69524702,120000,1,1,1,3,1,1,0,1
572,6,4,4,2,2,4,4,8,1,3,4,1,12.32163099,224500,1,1,1,3,2,1,0,1
573,5,4,2,2,2,5,3,8,4,3,4,1,12.04355372,170000,1,1,3,3,1,1,1,1
574,4,4,4,6,2,3,3,8,1,2,4,3,11.84222921,139000,1,1,3,3,1,1,1,1
575,4,4,2,4,2,3,3,8,1,2,4,1,11.68266824,118500,1,1,2,3,0,1,0,1
576,4,4,2,2,2,4,3,8,5,2,4,1,11.88448902,145000,1,1,2,3,1,1,1,1
577,4,4,4,3,6,5,3,8,3,3,4,1,12.01066585,164500,1,1,1,3,1,1,0,1
578,5,4,2,2,2,5,4,8,1,2,4,1,11.8913619,146000,1,1,2,3,1,1,0,1
579,4,4,2,2,2,5,3,8,1,2,4,1,11.78676213,131500,1,0,1,2,1,1,1,0
580,4,4,2,5,4,5,4,8,5,2,4,1,12.11121236,181900,1,1,1,3,1,1,1,1
581,6,4,2,2,2,5,5,8,5,3,4,1,12.4423022,253293,1,1,1,3,2,1,0,1
582,5,4,4,7,2,3,3,8,1,1,1,1,11.68266824,118500,1,1,0,1,1,1,1,1
583,4,4,2,2,2,4,4,8,5,2,4,1,12.69158046,325000,1,1,2,2,1,1,1,1
584,4,4,2,2,2,5,4,8,1,2,4,1,11.79810441,133000,1,1,2,3,1,1,1,1
585,6,4,5,7,2,5,4,8,5,3,4,1,12.82098798,369900,1,1,1,3,2,1,0,1
586,4,5,3,4,6,5,2,8,1,4,4,2,11.77528973,130000,1,1,2,3,1,0,1,1
587,4,4,4,6,2,3,3,8,1,2,4,1,11.8277362,137000,1,1,2,3,1,1,1,1
588,4,4,5,7,2,5,5,8,5,2,4,1,11.87059991,143000,1,1,1,3,1,1,0,1
589,4,4,2,2,2,3,3,8,1,2,4,1,11.2835123,79500,1,2,2,3,1,0,1,1
590,5,4,2,7,2,5,4,8,1,3,4,1,12.13296417,185900,1,1,1,3,1,1,1,1
591,6,4,5,7,2,5,5,8,5,3,4,1,13.02132683,451950,1,1,3,3,0,1,1,1
592,4,5,2,7,2,5,3,8,1,4,4,1,11.83500896,138000,1,1,2,3,1,1,1,1
593,5,4,4,7,2,5,4,8,1,4,4,1,11.8493977,140000,1,1,1,3,1,1,1,1
594,5,4,2,2,2,3,3,8,1,2,4,4,11.60823564,110000,1,1,2,3,1,1,1,1
595,5,4,5,7,2,5,4,8,4,4,4,1,12.67294638,319000,1,1,1,3,2,1,0,1
596,4,4,2,2,2,5,3,8,1,2,3,1,11.64836504,114504,1,2,2,3,1,0,1,0
597,6,4,4,2,2,5,4,8,5,4,4,1,12.17664898,194201,1,1,1,3,2,1,0,1
598,5,4,3,6,3,5,4,8,4,4,4,1,12.28995413,217500,1,1,1,3,1,1,1,1
599,5,4,2,3,7,3,3,8,4,4,4,5,11.92503512,151000,1,1,1,3,0,1,1,1
600,5,4,4,7,2,5,5,8,5,4,4,1,12.52452638,275000,1,1,3,3,1,1,1,1
601,4,4,2,2,2,3,4,8,5,2,4,1,11.85651517,141000,1,1,2,3,1,0,1,1
602,5,4,3,7,2,5,4,8,4,4,4,1,12.30138283,220000,1,1,1,3,1,1,0,1
603,5,4,2,2,2,5,4,8,1,3,4,1,11.92503512,151000,1,1,2,3,1,1,1,1
604,5,4,3,7,2,5,4,8,4,3,4,1,12.30591798,221000,1,1,1,3,1,1,1,1
605,4,4,2,5,2,3,3,8,3,2,4,1,12.23076526,205000,1,1,1,3,1,1,1,1
606,5,4,2,7,2,4,4,8,1,2,4,5,11.9316358,152000,1,1,2,3,1,1,1,1
607,4,5,2,7,2,5,5,8,1,2,4,1,12.32385568,225000,1,1,1,3,1,1,1,1
608,5,4,3,5,2,3,3,8,5,2,4,1,12.79135618,359100,1,1,0,3,1,1,0,1
609,4,4,3,4,2,4,3,8,1,2,4,1,11.68266824,118500,1,1,1,3,1,1,1,1
610,6,4,3,7,2,5,5,8,6,4,4,1,12.65395847,313000,1,1,1,3,1,1,1,1
611,5,4,4,6,2,3,3,8,4,2,4,4,11.90496755,148000,1,1,1,3,1,1,1,1
612,5,4,4,7,2,5,5,8,4,3,4,1,12.47418956,261500,1,1,3,3,1,1,1,1
613,5,4,2,6,2,5,3,8,1,1,1,1,11.89818787,147000,1,1,0,1,2,1,0,1
614,5,4,4,3,7,5,3,8,1,1,1,1,11.23188794,75500,1,1,0,1,1,1,1,1
615,4,4,5,7,2,5,4,8,1,3,4,4,11.8313792,137500,1,1,1,3,1,1,0,1
616,5,4,2,7,2,5,4,8,5,4,4,1,12.11833373,183200,1,1,1,3,1,1,1,1
617,4,4,2,2,2,4,4,8,1,2,4,1,11.56646623,105500,1,1,2,3,1,1,1,1
618,6,4,4,7,2,5,4,8,5,2,4,1,12.65973409,314813,1,1,1,3,2,1,0,1
619,5,4,5,7,2,5,4,8,5,4,4,1,12.62806706,305000,1,1,1,3,1,1,1,1
620,4,4,2,5,2,3,3,8,1,1,1,1,11.1124479,67000,1,0,0,1,1,0,1,0
621,4,4,2,6,4,3,3,8,4,3,4,1,12.3883942,240000,1,1,1,3,1,1,1,1
622,4,4,2,5,2,3,3,8,1,2,4,1,11.81303006,135000,1,1,2,3,1,1,1,1
623,5,4,2,7,2,5,4,8,4,2,4,1,12.03469103,168500,1,1,2,3,1,1,1,1
624,4,4,2,4,2,4,3,6,4,3,4,1,12.01460943,165150,1,1,1,3,1,1,1,1
625,4,4,2,2,2,3,3,8,1,2,4,1,11.98292909,160000,1,1,1,3,1,1,1,1
626,4,4,2,2,2,3,3,7,4,3,4,3,11.84868316,139900,1,1,1,3,1,1,1,1
627,4,4,4,5,3,5,3,8,5,3,4,1,11.9381932,153000,1,1,0,3,1,1,1,1
628,5,4,4,4,2,3,2,8,4,2,4,1,11.81303006,135000,1,1,1,3,1,1,0,1
629,4,4,5,7,4,3,3,8,1,3,4,5,12.03469103,168500,1,1,1,3,1,1,1,1
630,3,3,2,2,2,3,5,8,1,2,2,4,11.72803684,124000,1,2,2,2,1,0,0,1
631,5,5,3,7,2,5,4,8,5,3,4,1,12.25247902,209500,1,1,1,3,1,1,1,1
632,4,4,2,6,2,3,3,8,4,4,4,1,11.32055357,82500,1,1,1,3,1,1,0,1
633,4,4,2,5,3,3,3,8,1,2,4,1,11.84510278,139400,1,1,1,3,1,1,1,1
634,4,4,2,7,2,4,3,8,1,2,4,5,11.87756858,144000,1,1,2,3,1,1,1,1
635,4,3,2,3,2,5,2,8,1,1,1,1,12.20607265,200000,1,2,0,1,1,0,0,1
636,4,3,2,2,2,2,2,4,2,1,1,1,11.00209984,60000,0,2,0,1,0,0,1,0
637,4,4,2,2,2,3,4,8,1,2,4,1,11.44035477,93000,1,2,3,3,1,1,1,1
638,3,4,2,2,2,4,3,8,1,1,1,4,11.35040654,85000,1,2,0,1,1,0,1,1
639,5,5,4,7,2,5,5,8,5,4,4,1,12.48582713,264561,1,1,1,3,2,1,0,1
640,6,4,5,7,2,5,5,8,5,3,4,1,12.52088339,274000,1,1,1,3,1,1,1,1
641,5,4,2,7,2,5,4,8,4,4,4,1,12.32829028,226000,1,1,1,3,1,1,1,1
642,5,4,5,7,2,4,5,8,4,4,4,4,12.7512997,345000,1,1,1,3,1,1,1,1
643,4,4,2,4,5,5,3,7,1,4,4,3,11.9316358,152000,1,1,1,3,1,1,1,1
644,6,4,3,7,2,5,5,8,5,4,4,1,12.82362845,370878,1,1,1,3,2,1,0,1
645,4,4,2,6,3,3,3,8,1,2,4,1,11.87234663,143250,1,1,2,3,1,1,1,1
646,1,1,1,1,1,4,3,7,1,2,4,1,11.49577931,98300,1,1,2,3,1,1,1,1
647,4,4,3,4,2,5,3,8,5,3,4,1,11.9511804,155000,1,1,1,3,1,1,1,1
648,4,4,2,2,2,3,3,8,4,2,4,1,11.9511804,155000,1,1,1,3,1,1,1,1
649,5,4,4,5,7,4,3,8,1,1,1,4,11.34450681,84500,1,1,0,1,1,1,1,1
650,5,4,2,2,2,5,4,8,1,3,4,1,12.2353887,205950,1,1,1,3,1,1,1,1
651,4,4,3,2,2,3,3,8,5,2,2,4,11.58988651,108000,1,1,2,2,1,0,1,1
652,5,4,2,2,2,5,4,8,4,3,4,1,12.16002871,191000,1,1,1,3,1,1,1,1
653,4,4,2,2,2,5,3,8,1,2,4,4,11.81303006,135000,1,1,2,3,1,1,1,1
654,5,4,5,7,2,5,4,8,4,4,4,1,12.76568843,350000,1,1,1,3,1,1,1,1
655,4,4,2,2,2,3,3,8,1,2,4,1,11.38509209,88000,1,1,2,3,1,1,0,1
656,4,4,2,6,2,5,4,8,1,3,4,4,11.88793137,145500,1,1,1,3,1,1,1,1
657,5,4,2,2,2,3,3,8,5,3,4,4,11.91170158,149000,1,1,1,3,1,0,1,1
658,4,4,2,2,2,3,3,8,5,2,4,1,11.48760766,97500,1,1,1,3,1,1,0,1
659,4,4,2,5,2,5,3,8,1,4,4,4,12.02574909,167000,1,1,2,3,1,1,1,1
660,5,4,2,2,2,3,3,8,4,3,4,1,12.19551713,197900,1,1,1,3,1,1,1,1
661,5,5,2,7,4,5,4,8,4,3,4,1,12.90420737,402000,1,1,1,3,1,1,1,1
662,3,3,2,2,2,4,3,3,4,3,4,1,11.60823564,110000,1,1,1,3,1,1,1,1
663,5,4,4,5,4,3,3,8,1,3,4,4,11.8313792,137500,1,1,2,3,1,1,1,1
664,6,4,3,7,2,5,5,8,6,4,4,1,12.95512746,423000,1,1,1,3,2,1,0,1
665,5,4,2,2,2,5,4,8,4,3,4,1,12.34800614,230500,1,1,1,3,1,1,1,1
666,5,4,2,3,4,3,3,2,2,2,4,1,11.76756768,129000,1,1,0,3,1,1,0,1
667,5,4,2,7,2,5,4,8,3,3,4,1,12.17303279,193500,1,1,1,3,1,1,1,1
668,4,4,2,4,2,4,3,6,4,2,4,1,12.03171926,168000,1,1,2,3,1,1,1,1
669,3,4,2,2,2,5,2,8,5,2,3,1,11.8313792,137500,1,1,2,3,1,1,1,1
670,5,4,2,7,2,5,4,8,1,4,4,1,12.06393288,173500,1,1,1,3,1,1,1,1
671,4,4,2,5,2,3,3,8,1,2,4,1,11.54829261,103600,1,1,2,3,1,1,1,0
672,5,4,2,6,2,3,3,8,4,3,4,1,12.01370075,165000,1,1,1,3,1,1,1,1
673,4,4,2,7,2,5,4,8,4,4,4,1,12.458775,257500,1,1,1,3,1,1,1,1
674,4,4,2,4,2,3,3,8,5,3,4,1,11.8493977,140000,1,1,1,3,1,1,1,1
675,4,4,2,6,2,3,3,8,4,2,4,1,11.90834024,148500,1,1,1,3,1,1,1,1
676,4,3,2,2,2,2,3,6,1,2,3,1,11.3736634,87000,1,1,0,2,1,0,1,0
677,4,4,2,2,2,5,4,8,1,2,3,1,11.60367983,109500,1,1,2,2,1,0,1,1
678,6,4,3,2,2,5,4,8,5,4,4,1,12.82799232,372500,1,1,1,3,2,1,0,1
679,4,4,2,4,2,3,3,8,1,2,4,1,11.76368418,128500,1,1,2,3,1,1,1,1
680,5,4,2,5,5,3,3,8,4,3,4,1,11.87059991,143000,1,1,1,3,1,1,1,1
681,4,4,2,4,2,5,3,8,1,2,4,1,11.97938532,159434,1,1,2,3,1,1,0,1
682,5,4,3,7,2,5,4,8,5,2,4,1,12.06104687,173000,1,1,1,3,1,1,1,1
683,5,4,4,7,2,5,4,8,4,4,4,1,12.56024446,285000,1,1,1,3,1,1,1,1
684,5,4,2,2,2,4,3,8,1,4,4,1,12.30591798,221000,1,1,1,3,1,1,1,1
685,5,4,3,7,3,4,4,7,4,4,4,1,12.24288662,207500,1,1,1,3,1,1,1,1
686,5,4,2,2,2,5,4,8,1,4,4,1,12.33655251,227875,1,1,1,3,2,1,0,1
687,5,4,2,7,2,5,4,8,1,2,4,1,11.9103584,148800,1,1,2,3,1,1,1,1
688,5,4,4,7,2,5,4,8,5,3,4,1,12.87901712,392000,1,1,1,3,2,1,0,1
689,5,4,4,6,2,5,4,8,5,3,4,1,12.17921519,194700,1,1,1,3,1,1,1,1
690,5,4,5,7,2,5,4,8,4,3,4,1,11.85651517,141000,1,1,1,3,1,1,1,1
691,6,4,5,7,2,5,5,8,6,4,4,1,13.53447303,755000,1,1,1,3,1,1,1,1
692,5,4,5,7,2,5,4,8,5,3,4,1,12.72188581,335000,1,1,1,3,1,1,1,1
693,4,4,2,2,2,5,3,8,1,2,4,1,11.5943211,108480,1,1,2,3,1,1,0,1
694,4,4,2,2,2,3,3,8,1,2,4,4,11.860055,141500,1,1,2,3,1,1,1,1
695,5,5,2,7,3,4,4,8,4,2,4,1,12.07823927,176000,1,1,1,3,1,1,1,1
696,4,4,2,3,2,4,3,8,1,2,4,1,11.39639165,89000,1,1,2,3,1,1,1,1
697,6,5,3,3,6,2,3,8,1,2,4,1,11.72399644,123500,1,2,2,3,1,1,1,1
698,4,4,2,7,5,5,3,8,5,2,4,4,11.8386256,138500,1,1,2,3,1,1,1,1
699,5,4,3,7,2,5,4,8,1,3,4,1,12.18586994,196000,1,1,1,3,1,1,1,1
700,6,4,5,7,2,5,4,8,5,4,4,1,12.65235975,312500,1,1,1,3,1,1,1,1
701,4,4,2,2,2,3,3,8,1,2,4,1,11.8493977,140000,1,1,1,3,0,1,1,1
702,6,5,2,2,2,5,5,8,5,4,4,1,12.79917571,361919,1,1,3,3,2,1,0,1
703,5,4,2,2,2,4,4,8,2,2,4,4,11.8493977,140000,1,1,2,3,1,0,1,1
704,5,4,4,7,2,5,4,8,1,3,4,1,12.26904744,213000,1,1,1,3,1,1,1,1
705,1,1,1,1,1,2,2,5,1,1,1,1,10.91508846,55000,1,1,0,1,1,0,1,0
706,5,4,5,7,2,3,4,8,4,2,4,1,12.6181823,302000,1,1,1,3,1,1,1,1
707,5,4,2,7,2,5,4,8,5,4,4,1,12.44508955,254000,1,1,1,3,1,1,1,1
708,5,4,4,2,2,5,4,8,5,4,4,1,12.0981533,179540,1,1,1,3,2,1,0,1
709,4,4,2,2,2,3,3,8,1,2,4,4,11.60732614,109900,1,1,1,3,1,1,0,1
710,4,4,2,2,2,4,3,3,1,1,1,1,10.858999,52000,1,1,0,1,1,0,1,1
711,4,4,3,2,2,4,3,8,1,3,4,1,11.54030714,102776,1,1,2,3,1,0,0,1
712,5,4,3,7,2,4,4,8,5,4,4,1,12.14950229,189000,1,1,1,3,1,1,1,1
713,4,4,4,6,2,3,3,8,1,2,4,1,11.76756768,129000,1,1,2,3,1,1,1,0
714,4,4,2,7,2,5,4,8,1,3,4,1,11.77912851,130500,1,1,1,3,1,1,1,1
715,5,4,2,2,2,3,3,8,4,3,4,4,12.01370075,165000,1,1,1,3,1,1,1,1
716,4,4,2,2,2,5,3,8,1,2,4,1,11.9797992,159500,1,1,2,3,1,0,1,1
717,5,4,2,5,2,4,4,8,3,2,4,4,11.96400108,157000,1,1,1,3,1,1,1,1
718,5,4,5,7,2,5,4,8,4,3,4,1,12.73963776,341000,1,1,1,3,1,1,1,1
719,5,4,5,6,2,3,3,8,2,2,4,1,11.76368418,128500,1,1,1,3,1,1,1,1
720,5,4,5,7,2,3,4,8,4,3,4,1,12.52452638,275000,1,1,1,3,1,1,1,1
721,5,4,4,7,2,5,4,8,1,3,4,1,11.87059991,143000,1,1,1,3,1,1,1,1
722,4,4,2,6,2,5,3,8,1,2,4,1,11.73206099,124500,1,1,2,3,1,1,1,1
723,4,4,2,2,2,5,3,8,1,2,4,1,11.81303006,135000,1,1,2,3,1,1,1,1
724,6,4,2,7,2,5,5,8,5,4,4,1,12.67607627,320000,1,1,1,3,1,1,1,1
725,4,4,2,6,5,3,4,8,1,2,4,1,11.69940503,120500,1,1,2,3,1,1,1,1
726,5,4,2,7,2,5,4,8,5,4,4,1,12.31043266,222000,1,1,1,3,1,1,1,1
727,5,4,4,7,2,5,4,8,1,3,4,1,12.17818744,194500,1,1,1,3,1,1,1,1
728,4,4,2,2,2,3,3,8,1,2,4,1,11.60823564,110000,1,1,2,3,0,1,0,1
729,4,4,2,5,2,3,3,8,1,2,4,1,11.54248427,103000,1,2,2,3,1,1,1,1
730,5,4,2,7,2,5,4,8,4,3,4,1,12.37370349,236500,1,1,1,3,1,1,1,1
731,6,4,4,7,2,5,4,8,5,4,4,1,12.14153412,187500,1,1,1,3,1,1,1,1
732,5,4,4,6,2,5,4,8,4,4,4,1,12.31268238,222500,1,1,1,3,1,1,1,1
733,4,4,2,5,2,5,3,8,4,3,4,3,11.78600139,131400,1,1,1,3,1,1,1,1
734,4,4,2,2,2,3,3,8,1,2,4,1,11.58988651,108000,1,1,1,3,1,1,0,1
735,5,4,3,4,2,2,3,8,4,2,4,1,12.00150548,163000,1,1,2,3,1,0,1,0
736,1,1,1,1,1,4,3,8,1,2,4,1,11.44571672,93500,1,0,2,3,1,1,1,0
737,5,4,2,2,2,5,4,8,5,4,4,1,12.38797745,239900,1,1,1,3,1,1,1,1
738,5,5,5,7,2,3,3,8,1,1,1,1,12.09514108,179000,1,1,0,1,1,1,0,1
739,5,4,2,2,2,5,4,8,1,3,4,1,12.15477935,190000,1,1,1,3,1,1,1,1
740,3,3,2,2,2,5,3,8,1,2,5,5,11.7905572,132000,1,1,2,3,1,1,0,1
741,4,4,3,7,2,4,4,8,1,2,4,5,11.86358234,142000,1,1,2,3,1,1,1,1
742,5,4,2,2,2,5,3,8,1,2,4,5,12.09514108,179000,1,1,1,3,1,1,1,1
743,5,4,4,6,2,5,3,6,4,3,4,1,12.07254125,175000,1,1,1,3,1,1,1,1
744,5,4,2,7,2,4,4,8,4,3,4,1,12.10071213,180000,1,1,1,3,1,1,1,1
745,4,5,2,7,6,5,4,8,4,4,4,1,12.61087086,299800,1,1,3,3,1,1,1,1
746,5,4,2,7,2,5,4,8,4,4,4,1,12.37158708,236000,1,1,3,3,1,1,1,1
747,4,3,2,2,2,3,4,8,5,2,4,1,12.49117264,265979,1,1,2,3,1,0,1,0
748,5,4,2,7,2,5,4,8,4,4,4,1,12.46997419,260400,1,1,1,3,1,1,1,1
749,1,1,1,1,1,3,3,5,1,2,4,1,11.49272276,98000,0,0,2,3,1,0,1,0
750,4,3,2,2,2,4,3,6,1,1,1,1,11.47729829,96500,1,1,0,1,1,0,1,1
751,5,4,2,2,2,5,4,8,1,4,4,1,11.99535161,162000,1,1,1,3,1,1,1,1
752,5,4,5,7,2,5,4,8,1,3,4,1,12.28765263,217000,1,1,1,3,1,1,1,1
753,5,4,3,2,2,4,5,8,5,3,4,1,12.52634291,275500,1,1,1,3,1,1,1,1
754,4,4,2,7,3,4,4,8,1,3,4,1,11.95761129,156000,1,1,2,3,1,1,1,1
755,5,4,2,7,2,4,3,8,1,2,4,1,12.05815252,172500,1,1,2,3,1,1,1,1
756,5,4,4,7,2,5,4,8,1,3,4,1,12.26434155,212000,1,1,1,3,1,1,1,1
757,4,4,3,4,2,3,3,8,4,4,4,5,11.97603035,158900,1,1,1,3,1,1,0,1
758,5,4,2,6,2,4,3,8,1,2,4,1,12.09737323,179400,1,1,2,3,1,1,1,1
759,5,4,4,3,6,5,4,8,4,3,4,1,12.5776362,290000,1,1,1,3,1,1,1,1
760,4,4,2,4,2,5,3,8,1,2,6,1,11.75587164,127500,1,1,2,2,1,1,1,1
761,4,4,3,3,2,3,2,7,1,2,4,1,11.51292546,100000,1,1,2,3,1,1,1,1
762,5,4,3,7,2,5,4,8,1,2,4,1,12.27932311,215200,1,1,1,3,0,1,1,1
763,5,4,3,7,2,5,4,8,5,3,4,1,12.72783821,337000,1,1,1,3,1,1,1,1
764,5,5,4,3,7,5,5,8,5,4,4,1,12.50617724,270000,1,1,1,3,1,1,1,1
765,5,4,2,2,2,5,5,8,5,4,4,1,12.48420426,264132,1,1,1,3,2,1,0,1
766,5,4,2,7,2,3,3,8,4,2,4,4,12.18841771,196500,1,1,1,3,1,1,1,1
767,5,4,3,6,2,5,3,5,1,2,4,1,11.98292909,160000,1,1,1,3,1,1,1,1
768,5,4,2,7,2,5,4,8,5,4,4,1,12.2869012,216837,1,1,1,3,1,1,1,1
769,5,4,5,6,2,5,5,5,5,4,4,1,13.19561384,538000,1,1,3,3,1,1,1,1
770,5,4,4,7,2,3,3,8,1,2,4,1,11.81228904,134900,1,1,2,3,1,1,1,1
771,3,3,2,3,2,3,3,8,1,2,4,1,11.53272809,102000,1,0,2,3,0,1,1,1
772,4,4,4,6,5,3,3,8,4,2,4,4,11.58058411,107000,1,1,2,3,1,1,0,1
773,4,4,2,4,2,5,3,8,1,3,4,1,11.6483301,114500,1,2,1,3,0,1,1,1
774,5,4,4,2,2,4,4,8,5,4,4,1,12.88664104,395000,1,1,1,3,2,1,0,1
775,6,4,2,7,2,5,3,8,1,4,4,1,11.99535161,162000,1,1,1,3,1,1,1,1
776,5,4,4,7,2,5,4,8,1,3,4,1,12.30817787,221500,1,1,1,3,2,1,0,1
777,4,4,2,6,2,3,3,8,3,2,4,4,11.86709728,142500,1,1,1,3,1,1,1,1
778,1,1,1,1,1,3,3,8,4,2,4,1,11.87756858,144000,1,1,2,3,1,1,1,1
779,5,4,5,7,2,3,3,8,1,2,4,1,11.81303006,135000,1,1,1,3,1,1,1,1
780,5,5,2,2,2,4,3,8,4,4,4,1,12.07823927,176000,1,1,1,3,1,1,1,1
781,5,4,2,6,2,5,4,8,1,3,4,1,12.07767093,175900,1,1,1,3,1,1,1,1
782,5,4,2,2,2,5,4,8,1,3,4,1,12.13939851,187100,1,1,1,3,1,1,1,1
783,5,4,4,7,2,5,4,8,4,4,4,1,12.01672647,165500,1,1,1,3,1,1,1,1
784,4,4,2,2,2,5,3,8,5,1,1,1,11.75978554,128000,1,1,0,1,1,1,1,1
785,4,4,2,4,3,3,3,8,5,2,4,1,11.99226042,161500,1,1,1,3,1,1,1,1
786,3,4,2,3,2,3,3,8,1,2,4,1,11.84222921,139000,1,1,2,3,1,1,1,1
787,5,4,2,7,2,5,4,8,1,3,4,1,12.35879373,233000,1,1,3,3,1,1,1,1
788,4,4,2,2,2,5,3,8,1,2,4,1,11.58896015,107900,1,1,2,2,1,1,1,1
789,4,3,5,3,2,4,4,8,1,4,4,1,12.14153412,187500,1,1,1,3,1,1,1,1
790,5,4,2,7,2,5,4,8,5,4,4,1,11.98417831,160200,1,1,1,3,1,1,1,1
791,5,4,4,6,2,3,3,8,4,3,4,1,11.8968264,146800,1,1,1,3,1,1,1,1
792,5,4,4,7,2,5,3,8,4,2,4,1,12.50539916,269790,1,1,1,3,1,1,1,1
793,5,4,4,2,2,5,4,8,1,4,4,1,12.32385568,225000,1,1,1,3,2,1,0,1
794,5,4,2,2,2,5,4,8,4,4,4,1,12.17818744,194500,1,1,1,3,1,1,1,1
795,5,4,2,2,2,3,3,8,4,2,4,4,12.04941884,171000,1,1,1,3,1,1,1,1
796,4,4,2,2,2,5,3,8,4,3,4,4,11.87409031,143500,1,1,1,3,1,1,1,1
797,4,4,2,5,2,4,3,8,1,2,4,1,11.60823564,110000,1,1,1,3,1,1,0,1
798,6,4,2,2,2,5,5,8,5,4,4,1,13.09190417,485000,1,1,3,3,2,1,0,1
799,5,4,2,6,2,5,4,8,4,2,4,4,12.07254125,175000,1,1,2,3,1,1,1,1
800,5,4,5,7,2,4,4,8,1,3,4,1,12.20607265,200000,1,1,1,3,1,1,1,1
801,4,4,2,3,2,5,3,8,1,2,4,1,11.60732614,109900,1,2,2,3,1,1,1,1
802,5,4,4,7,2,5,4,8,5,4,4,1,12.14950229,189000,1,1,1,3,1,1,1,1
803,6,4,5,2,2,5,5,8,5,3,4,1,13.27582754,582933,1,1,3,3,2,1,0,1
804,4,4,2,3,2,3,3,7,1,2,4,3,11.6784399,118000,1,1,1,3,1,1,0,1
805,5,4,2,2,2,5,5,8,1,3,4,1,12.33569641,227680,1,1,1,3,2,1,0,1
806,4,4,4,6,4,4,3,8,1,4,4,1,11.81672692,135500,1,1,1,3,1,1,1,1
807,4,4,5,7,2,5,4,8,4,3,4,1,12.31716669,223500,1,1,1,3,1,1,1,1
808,4,4,4,6,5,3,3,8,5,3,4,3,11.98261655,159950,1,1,1,3,1,1,1,1
809,4,4,2,2,2,3,3,8,1,2,2,4,11.57119437,106000,1,2,2,2,1,0,1,0
810,4,4,2,6,3,2,4,8,3,3,4,5,12.10625231,181000,1,1,1,3,1,1,1,1
811,5,4,5,7,2,5,4,8,5,4,4,1,11.88103479,144500,1,1,1,3,0,1,1,1
812,4,4,4,2,2,3,2,8,1,2,4,1,10.93298196,55993,1,2,0,3,1,0,0,0
813,4,4,2,4,2,4,3,8,1,3,4,1,11.9697172,157900,1,1,1,3,0,1,1,1
814,4,4,2,2,2,4,2,8,1,2,4,1,11.66134547,116000,1,1,2,3,1,0,1,1
815,5,4,2,2,2,5,4,8,1,3,4,1,12.32341114,224900,1,1,1,3,1,1,1,1
816,4,4,2,5,2,4,3,8,5,3,4,1,11.8277362,137000,1,1,1,3,1,1,1,1
817,5,4,2,7,2,5,4,8,5,3,4,1,12.5098741,271000,1,1,1,3,1,1,1,1
818,4,4,4,7,2,4,3,8,1,2,4,4,11.9511804,155000,1,1,1,3,1,1,1,1
819,5,4,3,7,2,5,4,8,5,3,4,1,12.31940133,224000,1,1,1,3,2,1,0,1
820,5,4,2,2,2,5,4,8,1,3,4,1,12.11724143,183000,1,1,1,3,1,1,1,1
821,3,4,2,2,2,3,3,6,1,2,4,1,11.44035477,93000,1,1,2,3,1,1,1,0
822,5,4,5,2,2,5,4,8,5,4,4,1,12.32385568,225000,1,1,3,3,1,1,0,1
823,4,4,2,2,2,3,3,8,5,2,4,3,11.84581988,139500,1,1,2,3,1,1,1,1
824,5,5,2,2,2,5,4,8,5,3,4,1,12.35707552,232600,1,1,1,3,2,1,0,1
825,6,4,4,7,2,5,5,8,5,4,4,1,12.86099861,385000,1,1,1,3,2,1,0,1
826,4,4,2,6,2,4,4,8,1,1,1,1,11.60367983,109500,1,1,0,1,1,1,1,1
827,5,4,2,7,2,5,4,8,4,3,4,1,12.14950229,189000,1,1,1,3,1,1,1,1
828,4,5,5,3,6,3,3,6,1,4,4,1,12.1281111,185000,1,1,1,3,1,1,0,1
829,5,4,2,2,2,5,4,8,1,3,4,1,11.90090526,147400,1,1,2,3,1,1,1,1
830,4,4,2,4,2,3,3,8,5,3,4,1,12.01974307,166000,1,2,1,3,1,1,1,1
831,5,4,2,2,2,5,4,8,1,3,4,1,11.92503512,151000,1,1,2,3,1,1,1,1
832,5,4,2,7,2,5,4,8,4,3,4,1,12.37581542,237000,1,1,1,3,1,1,1,1
833,4,4,2,4,5,3,3,8,1,3,4,1,12.02574909,167000,1,1,1,3,1,1,1,1
834,4,4,2,4,2,4,3,8,1,2,4,3,11.84904049,139950,1,1,1,3,1,1,1,1
835,5,4,2,5,2,3,4,6,1,2,4,1,11.75978554,128000,1,1,1,3,1,1,1,1
836,4,4,2,4,2,4,3,6,1,2,4,3,11.94145585,153500,1,1,2,3,0,1,1,1
837,4,4,2,5,2,3,3,8,1,2,4,1,11.51292546,100000,1,1,2,3,1,1,1,1
838,5,4,2,2,2,5,4,8,1,2,4,1,11.87756858,144000,1,1,1,3,1,1,1,1
839,4,4,2,5,2,5,3,8,1,2,4,1,11.77912851,130500,1,1,2,3,1,1,1,1
840,4,4,2,5,2,3,2,8,1,2,4,1,11.8493977,140000,1,1,2,3,1,0,1,0
841,4,4,2,2,2,4,4,8,2,2,4,1,11.96718074,157500,1,1,2,2,1,0,1,1
842,4,4,5,4,6,3,3,8,1,3,5,5,12.07196966,174900,1,1,1,2,1,1,1,1
843,4,4,2,2,2,5,3,8,1,1,1,1,11.85651517,141000,1,1,0,1,1,1,1,0
844,4,4,3,2,2,4,3,8,5,2,4,1,11.94405832,153900,1,1,2,3,1,1,1,1
845,5,4,5,6,2,3,3,6,4,4,4,1,12.04941884,171000,1,1,0,3,1,1,1,1
846,5,4,2,6,2,5,4,8,4,2,4,1,12.26904744,213000,1,1,1,3,1,1,1,1
847,4,4,4,5,2,5,3,8,3,2,4,1,11.80185676,133500,1,1,1,3,1,1,1,1
848,4,4,2,2,2,3,3,8,5,2,4,1,12.3883942,240000,1,1,2,2,1,1,1,1
849,4,4,2,2,2,5,3,8,4,3,4,1,12.1388639,187000,1,1,1,3,1,1,1,1
850,5,4,4,7,2,5,4,8,1,4,4,1,11.78676213,131500,1,1,1,3,1,1,1,1
851,5,4,5,2,2,5,4,8,4,4,4,1,12.27839331,215000,1,1,1,3,1,1,1,1
852,4,4,2,4,2,4,3,8,5,2,4,4,12.00762171,164000,1,1,2,3,1,1,1,1
853,4,4,5,4,2,3,3,8,3,3,4,4,11.97035031,158000,1,1,1,3,1,1,1,1
854,4,4,3,6,4,3,3,8,5,2,4,1,12.04355372,170000,1,1,1,3,1,1,0,1
855,4,4,2,6,2,5,3,8,1,2,4,1,11.75194237,127000,1,1,2,3,1,1,1,1
856,5,5,5,7,3,3,3,8,1,2,3,4,11.89818787,147000,1,1,2,3,1,1,1,1
857,5,4,2,2,2,4,3,8,4,4,4,1,12.06681058,174000,1,1,1,3,1,1,1,1
858,5,4,2,2,2,3,3,8,4,3,4,4,11.9316358,152000,1,1,1,3,1,1,0,1
859,4,4,3,5,2,3,4,8,5,2,4,1,12.4292162,250000,1,1,1,3,1,1,1,1
860,4,4,2,2,2,4,4,8,5,2,4,5,12.15451616,189950,1,1,2,3,1,1,1,1
861,4,4,3,5,2,5,3,8,1,2,4,1,11.78676213,131500,1,1,1,3,1,1,1,1
862,5,4,2,7,2,3,3,8,1,2,4,5,11.9316358,152000,1,1,1,3,1,1,1,1
863,4,4,2,5,2,3,3,8,1,2,4,5,11.79433792,132500,1,1,1,3,1,1,1,1
864,6,4,2,2,2,5,4,8,1,4,4,1,12.43153351,250580,1,1,1,3,2,1,0,1
865,4,4,2,5,2,3,3,8,1,2,4,4,11.90834024,148500,1,1,2,3,1,1,1,1
866,5,4,4,2,2,5,4,8,5,3,4,1,12.42480649,248900,1,1,1,3,2,1,0,1
867,4,4,2,6,2,3,2,8,1,3,4,1,11.76756768,129000,1,1,1,3,1,1,1,1
868,1,1,1,1,1,4,3,8,4,2,4,1,12.03765399,169000,1,1,1,3,1,0,1,1
869,5,4,2,7,2,5,4,8,4,4,4,5,12.37158708,236000,1,1,1,3,1,1,1,1
870,4,4,2,2,2,4,3,8,1,2,4,1,11.60367983,109500,1,1,2,3,1,1,1,0
871,5,4,2,7,2,5,4,8,1,3,4,1,12.20856953,200500,1,1,1,3,1,1,1,1
872,4,4,4,2,2,4,4,8,1,2,4,3,11.66134547,116000,1,1,1,3,1,1,1,1
873,4,4,2,4,2,4,3,8,5,2,4,1,11.79810441,133000,1,1,1,3,1,1,1,1
874,4,4,2,2,2,5,3,8,1,2,4,1,11.10495723,66500,1,1,2,3,1,1,0,1
875,5,4,4,7,2,5,5,8,5,4,4,1,12.6230611,303477,1,1,3,3,2,1,0,1
876,4,4,5,6,2,4,3,8,1,2,4,1,11.79244935,132250,1,1,1,3,1,1,1,1
877,6,4,2,7,2,5,5,8,5,4,4,1,12.76568843,350000,1,1,1,3,1,1,1,1
878,4,4,4,6,2,3,4,6,1,2,4,4,11.90496755,148000,1,1,2,3,1,1,1,1
879,4,4,2,6,2,5,3,8,1,2,4,3,11.82407989,136500,1,1,1,3,1,1,1,1
880,6,5,2,6,2,4,3,8,1,4,4,1,11.96400108,157000,1,1,1,3,1,1,1,1
881,5,4,3,3,2,5,4,8,4,3,4,1,12.14153412,187500,1,1,1,3,1,1,1,1
882,5,4,2,2,2,4,3,8,4,3,4,4,12.08953883,178000,1,1,3,3,1,1,1,1
883,4,3,2,2,2,3,3,8,1,2,5,1,11.68266824,118500,1,1,2,3,1,1,1,0
884,4,4,2,5,2,3,3,8,1,3,4,3,11.51292546,100000,1,1,1,3,1,1,1,1
885,6,4,4,7,2,5,4,8,4,4,4,1,12.70350903,328900,1,1,1,3,0,1,0,1
886,4,4,2,3,2,5,3,8,1,4,4,1,11.88448902,145000,1,1,1,3,1,1,0,1
887,4,4,2,2,2,3,3,8,1,2,4,1,11.81672692,135500,1,1,1,3,1,1,1,1
888,4,5,5,6,4,5,4,8,4,2,4,1,12.49874226,268000,1,1,1,3,1,1,1,1
889,4,4,2,5,2,5,3,8,4,3,4,1,11.91505167,149500,1,1,1,3,1,1,1,1
890,4,4,3,2,2,5,3,8,2,2,4,4,11.7191263,122900,1,1,2,3,1,1,1,1
891,4,4,2,3,4,4,3,8,4,3,4,1,12.05815252,172500,1,1,1,3,1,1,1,1
892,4,4,2,7,2,3,3,8,1,3,4,4,11.94794938,154500,1,1,1,3,1,1,1,1
893,5,4,3,5,2,3,3,8,5,2,4,5,12.01370075,165000,1,1,1,3,1,1,1,1
894,1,1,1,1,1,3,3,8,1,2,4,1,11.68568478,118858,1,1,1,3,1,1,0,1
895,4,4,2,5,2,3,3,8,4,3,4,1,11.8493977,140000,1,1,1,3,1,1,1,1
896,4,4,2,6,2,5,3,8,1,2,4,1,11.57590026,106500,1,1,2,3,1,1,0,0
897,1,1,1,1,1,3,3,8,1,2,4,1,11.87027118,142953,1,1,2,3,1,1,0,1
898,6,4,5,7,2,5,5,8,5,4,4,1,13.32392695,611657,1,1,1,3,2,1,0,1
899,4,4,2,5,2,3,3,8,4,2,4,1,11.81303006,135000,1,1,1,3,1,1,1,1
900,4,4,2,6,2,3,3,8,1,2,4,1,11.60823564,110000,1,1,2,3,1,1,1,1
901,4,4,3,5,2,3,3,8,1,2,4,1,11.9381932,153000,1,1,2,3,1,1,1,1
902,5,4,2,2,2,5,4,8,5,4,4,1,12.10071213,180000,1,1,1,3,1,1,1,1
903,5,4,2,2,2,5,4,8,5,3,4,1,12.3883942,240000,1,1,1,3,2,1,0,1
904,4,4,2,7,2,3,3,8,1,2,4,4,11.74006104,125500,1,1,1,3,1,1,1,1
905,4,4,2,4,3,3,3,8,1,3,4,4,11.75978554,128000,1,1,1,3,1,1,1,1
906,5,4,2,7,2,5,4,8,5,3,4,1,12.44901882,255000,1,1,1,3,1,1,1,1
907,5,4,2,4,2,4,4,8,5,4,4,1,12.4292162,250000,1,1,1,2,1,1,1,1
908,5,4,4,5,6,3,3,8,1,2,4,4,11.7829526,131000,1,1,1,3,1,1,1,1
909,5,4,2,2,2,5,4,8,5,4,4,1,12.06681058,174000,1,1,1,3,1,1,1,1
910,4,4,2,4,2,3,3,8,1,2,4,1,11.94665404,154300,1,2,2,3,1,1,1,1
911,5,5,4,6,2,3,4,8,1,2,4,1,11.87409031,143500,1,1,2,3,1,1,1,1
912,4,4,2,4,2,3,3,7,1,2,4,4,11.38509209,88000,1,1,2,3,1,1,0,0
913,4,4,2,5,2,3,3,8,1,2,4,1,11.88448902,145000,1,2,0,3,1,1,1,0
914,5,4,4,7,2,5,4,8,1,3,4,1,12.06527492,173733,1,1,2,3,2,1,0,1
915,4,4,2,2,2,2,3,8,1,2,4,1,11.22524339,75000,1,1,1,3,1,1,1,1
916,4,4,4,5,2,3,3,8,1,2,4,1,10.47194981,35311,1,2,2,3,1,1,0,0
917,4,4,2,6,2,5,3,8,1,3,4,1,11.81303006,135000,1,2,1,3,1,1,1,1
918,6,4,3,5,7,5,4,8,4,3,4,5,12.38002595,238000,1,1,1,3,1,1,1,1
919,5,4,2,6,5,5,3,7,4,2,4,1,12.08107616,176500,1,1,1,3,1,1,1,1
920,5,5,2,7,2,5,4,8,1,3,4,1,12.21106019,201000,1,1,1,3,1,1,1,1
921,4,4,2,6,2,4,3,8,1,1,1,5,11.89067673,145900,1,1,0,1,1,0,1,1
922,5,4,2,7,2,5,4,8,5,4,4,1,12.04349489,169990,1,1,1,3,2,1,0,1
923,5,4,2,3,7,5,4,8,3,3,4,1,12.17044547,193000,1,1,1,3,1,1,1,1
924,5,4,2,5,3,3,3,8,4,2,4,1,12.24288662,207500,1,1,1,3,1,1,1,1
925,5,4,4,6,3,3,5,8,1,3,4,1,12.07254125,175000,1,1,1,3,1,1,0,1
926,5,4,2,2,2,5,5,8,5,4,4,1,12.56024446,285000,1,1,3,3,1,1,1,1
927,4,4,2,5,2,4,3,8,5,3,4,5,12.07823927,176000,1,1,1,3,1,1,1,1
928,5,4,4,2,2,5,5,8,4,3,4,1,12.37370349,236500,1,1,1,3,1,1,1,1
929,5,4,2,2,2,4,4,8,4,4,4,1,12.31043266,222000,1,1,3,3,1,1,1,1
930,5,4,4,7,2,5,4,8,1,4,4,1,12.21106019,201000,1,1,1,3,1,1,1,1
931,4,4,2,5,4,5,3,8,1,2,4,3,11.67419361,117500,1,1,2,3,1,1,1,1
932,6,5,2,2,2,5,5,8,5,4,4,1,12.67607627,320000,1,1,1,3,1,1,1,1
933,5,4,4,7,2,5,4,8,1,3,4,1,12.15477935,190000,1,1,1,3,1,1,1,1
934,5,4,5,7,2,5,4,8,5,3,4,1,12.39669301,242000,1,1,1,3,1,1,1,1
935,3,4,3,2,2,4,3,8,1,2,4,1,11.28853113,79900,1,1,2,3,1,1,1,1
936,5,4,2,7,2,5,4,8,1,3,4,1,12.12757042,184900,1,1,1,3,1,1,1,1
937,5,4,3,7,2,5,4,8,5,3,4,1,12.44114477,253000,1,1,1,3,1,1,1,1
938,5,5,3,7,2,5,4,8,1,3,4,1,12.38755635,239799,1,1,1,3,2,1,0,1
939,4,4,3,2,2,5,3,8,4,2,4,1,12.40656151,244400,1,1,1,3,0,1,1,1
940,4,4,5,4,3,3,3,8,1,2,4,1,11.92437264,150900,1,1,1,3,1,1,1,1
941,5,4,2,6,2,5,4,8,4,3,4,5,12.27373129,214000,1,1,3,3,1,1,1,1
942,5,4,5,7,2,3,3,8,1,1,1,1,11.91839057,150000,1,1,0,1,0,0,0,1
943,4,4,4,2,2,3,3,8,1,2,4,1,11.87059991,143000,1,1,1,3,1,0,1,1
944,4,4,2,7,4,4,4,8,5,3,4,1,11.8313792,137500,1,2,0,3,0,1,0,1
945,4,4,2,3,2,3,3,8,1,2,4,2,11.7352687,124900,1,1,2,3,1,1,1,1
946,4,4,4,6,5,3,3,8,4,3,4,1,11.87059991,143000,1,1,1,3,1,1,1,1
947,5,4,4,7,2,5,4,8,5,4,4,1,12.50617724,270000,1,1,1,3,1,1,1,1
948,5,4,2,2,2,5,4,8,4,3,4,1,12.16785143,192500,1,1,1,3,1,1,1,1
949,4,4,2,6,2,3,4,8,4,3,4,1,12.19349386,197500,1,1,1,3,1,1,1,1
950,4,4,2,6,5,4,4,8,1,3,4,1,11.76756768,129000,1,1,2,3,1,1,1,1
951,4,4,2,5,2,4,3,8,1,2,4,4,11.69441334,119900,1,1,2,3,1,1,0,1
952,5,4,4,7,2,4,3,8,1,4,4,4,11.80484853,133900,1,1,2,3,1,1,1,1
953,4,4,4,6,3,5,3,6,2,3,4,4,12.05524976,172000,1,1,1,3,1,1,1,1
954,5,5,5,7,2,3,3,8,1,1,1,1,11.75587164,127500,1,1,0,1,1,1,0,1
955,5,4,2,4,2,3,3,8,1,2,4,1,11.88448902,145000,1,0,1,3,1,1,1,0
956,5,4,2,6,2,3,3,8,4,4,4,5,11.72803684,124000,1,1,1,3,1,1,1,1
957,4,4,2,4,2,3,3,8,1,4,4,1,11.7905572,132000,1,1,2,3,1,1,1,1
958,5,4,3,7,2,5,4,8,1,3,4,1,12.1281111,185000,1,1,1,3,1,1,1,1
959,5,4,2,6,2,5,4,8,1,2,4,1,11.9511804,155000,1,1,2,3,1,1,1,1
960,4,4,5,5,2,4,3,8,1,1,1,1,11.66564655,116500,1,1,0,1,1,1,1,1
961,5,5,2,6,2,3,3,8,4,4,4,1,12.51355735,272000,1,1,1,3,1,1,1,1
962,5,4,2,6,2,3,4,8,4,2,4,1,11.9511804,155000,1,1,2,3,1,1,1,1
963,6,4,2,2,2,5,5,8,1,4,4,1,12.38421883,239000,1,1,1,3,1,1,1,1
964,5,4,2,7,2,5,4,8,5,4,4,1,12.27792808,214900,1,1,3,3,1,1,1,1
965,5,4,2,2,2,5,4,8,5,4,4,1,12.09458227,178900,1,1,1,3,2,1,0,1
966,4,3,2,4,2,5,3,6,4,2,4,1,11.98292909,160000,1,1,2,3,1,1,1,1
967,4,4,2,6,2,3,3,8,1,2,4,1,11.81303006,135000,1,1,1,3,1,1,1,1
968,4,4,2,2,2,2,3,8,1,1,1,3,10.54270639,37900,0,1,0,1,1,1,0,0
969,4,4,5,6,2,3,3,8,1,3,4,1,11.8493977,140000,1,1,1,3,0,1,1,1
970,4,4,2,2,2,3,3,8,1,1,1,1,11.81303006,135000,1,2,0,1,1,1,0,0
971,5,4,2,7,2,5,4,8,1,3,4,1,12.06104687,173000,1,1,3,3,1,1,1,1
972,5,4,2,2,2,3,3,8,4,2,4,1,11.50791292,99500,1,1,1,3,1,1,1,1
973,5,4,2,2,2,5,4,8,1,4,4,1,12.11176197,182000,1,1,1,3,2,1,0,1
974,5,4,2,2,2,3,4,8,1,2,4,5,12.02873863,167500,1,1,2,3,1,1,1,0
975,5,4,2,7,2,5,4,8,1,2,4,1,12.01370075,165000,1,1,2,3,1,1,1,1
976,5,4,2,2,2,3,2,8,1,1,1,1,11.35627165,85500,1,2,0,1,1,1,1,1
977,5,4,2,7,2,5,4,8,1,4,4,1,12.20557252,199900,1,1,1,3,2,1,0,1
978,4,4,2,3,2,5,3,8,1,2,4,1,11.60823564,110000,1,1,2,3,1,1,0,1
979,4,4,2,4,2,3,3,8,1,2,4,4,11.84222921,139000,1,1,2,3,1,1,1,1
980,4,4,4,6,2,4,5,8,1,3,4,1,12.0917835,178400,1,1,1,3,1,1,1,1
981,5,4,2,7,2,5,4,8,4,4,4,1,12.72486644,336000,1,1,1,3,1,1,1,1
982,5,4,4,2,2,5,4,8,5,4,4,1,11.98227263,159895,1,1,1,3,1,1,1,1
983,5,4,3,2,2,5,4,8,5,2,4,1,12.45254202,255900,1,1,1,3,1,1,1,1
984,1,1,1,1,1,3,4,8,1,2,4,1,11.74403719,126000,1,1,1,3,0,1,1,1
985,4,4,2,6,2,3,3,8,1,2,4,1,11.73606902,125000,1,1,2,3,0,1,1,0
986,4,3,2,2,2,4,4,8,1,2,4,1,11.66992921,117000,1,1,1,2,1,1,1,1
987,6,4,4,7,2,5,5,8,5,4,4,1,12.887127,395192,1,1,1,3,2,1,0,1
988,4,4,2,3,2,3,4,8,4,4,4,1,12.18075484,195000,1,1,1,3,1,1,1,1
989,5,5,2,2,2,5,4,8,1,3,4,1,12.19095901,197000,1,1,1,3,2,1,0,1
990,5,4,2,7,2,5,4,8,4,4,4,1,12.75995776,348000,1,1,1,3,1,1,1,1
991,4,4,2,5,2,4,4,8,5,2,4,1,12.03171926,168000,1,1,1,3,1,0,1,1
992,4,4,5,5,4,4,4,8,3,3,4,2,12.1388639,187000,1,1,1,3,1,1,1,1
993,5,4,2,2,2,5,4,8,1,3,4,1,12.0662357,173900,1,1,1,3,2,1,0,1
994,6,4,5,7,2,5,5,8,5,4,4,1,12.72932079,337500,1,1,1,3,1,1,1,1
995,4,4,2,6,2,3,3,8,1,2,4,4,11.70849225,121600,1,1,2,3,1,1,0,1
996,4,4,2,4,2,3,3,8,1,2,4,1,11.82407989,136500,1,1,1,3,0,1,1,1
997,4,4,2,2,2,3,3,8,4,3,4,1,12.1281111,185000,1,1,1,3,1,1,1,1
998,4,3,2,2,2,2,3,8,5,2,3,1,11.41861479,91000,1,1,2,3,1,0,1,0
999,5,4,4,7,2,5,4,8,1,3,4,1,12.23563145,206000,1,1,1,3,1,1,1,1
1000,1,1,1,1,1,2,2,7,1,2,3,1,11.31447453,82000,1,0,2,3,1,1,1,0
1001,3,4,2,2,2,5,5,8,1,2,4,1,11.36210258,86000,1,2,2,2,1,0,0,1
1002,5,4,2,7,2,5,4,8,5,3,4,1,12.35449265,232000,1,1,1,3,1,1,1,1
1003,4,4,2,2,2,2,3,8,1,2,4,1,11.82704253,136905,1,1,2,3,1,1,1,1
1004,5,4,2,7,2,5,4,8,5,4,4,1,12.10625231,181000,1,1,1,3,1,1,1,1
1005,5,5,4,7,2,3,3,8,1,2,4,1,11.91772368,149900,1,1,1,3,1,1,1,1
1006,5,4,2,3,2,4,3,8,4,2,4,1,12.00456827,163500,1,1,1,3,1,1,1,1
1007,4,4,2,5,3,3,3,8,1,3,4,1,11.38509209,88000,1,1,1,3,1,1,1,1
1008,6,4,3,2,2,5,4,8,5,4,4,1,12.3883942,240000,1,1,1,3,1,1,1,1
1009,4,4,2,2,2,5,3,8,1,1,1,1,11.53272809,102000,1,1,0,1,1,0,1,1
1010,4,4,2,2,2,3,3,8,5,2,4,1,11.81303006,135000,1,1,1,3,1,1,1,1
1011,1,1,1,1,1,3,3,8,1,1,1,1,11.51292546,100000,1,1,0,1,1,1,1,0
1012,4,3,2,2,2,3,4,8,4,2,4,1,12.01370075,165000,1,1,2,3,1,1,1,1
1013,4,4,2,6,4,3,3,3,1,2,4,1,11.35040654,85000,1,1,2,3,1,1,1,0
1014,4,3,2,5,2,3,3,8,5,2,4,1,11.68855803,119200,1,1,2,3,1,1,1,1
1015,5,4,2,7,2,5,4,8,1,4,4,1,12.3327053,227000,1,1,1,3,1,1,1,1
1016,5,4,5,7,2,5,4,8,4,4,4,1,12.22096126,203000,1,1,1,3,1,1,1,1
1017,5,4,4,7,2,4,4,8,6,3,4,1,12.14153412,187500,1,1,1,3,0,1,0,1
1018,5,4,2,2,2,4,4,8,4,3,4,1,11.98292909,160000,1,1,1,3,1,1,1,1
1019,5,4,5,7,2,5,4,8,5,4,4,1,12.27134527,213490,1,1,1,3,1,1,1,1
1020,5,4,2,7,2,5,4,8,1,4,4,1,12.07823927,176000,1,1,1,3,1,1,1,1
1021,5,4,4,7,2,5,4,8,1,3,4,1,12.17561344,194000,1,1,1,3,2,1,0,1
1022,4,4,2,3,2,4,3,8,1,2,3,1,11.3736634,87000,1,2,2,2,1,1,1,1
1023,5,5,2,7,2,5,4,8,5,4,4,1,12.16002871,191000,1,1,1,3,1,1,1,1
1024,5,4,4,6,3,3,4,8,5,4,4,1,12.56723749,287000,1,1,1,3,0,1,0,1
1025,4,4,2,3,4,3,3,8,1,2,4,4,11.6307085,112500,1,1,2,3,1,1,1,1
1026,4,4,2,4,2,3,3,8,5,2,4,1,12.02873863,167500,1,1,1,3,1,1,1,1
1027,5,4,5,7,2,5,4,8,5,3,4,1,12.58819065,293077,1,1,1,3,2,1,0,1
1028,4,4,2,4,5,3,3,8,5,2,4,1,11.56171563,105000,1,1,1,3,1,1,1,1
1029,4,4,2,5,2,4,3,8,1,2,4,1,11.6784399,118000,1,1,2,3,1,1,1,1
1030,4,4,3,2,2,4,3,8,1,1,1,1,11.98292909,160000,1,1,0,1,1,0,1,1
1031,4,4,2,7,2,5,3,8,4,4,4,1,12.19095901,197000,1,1,0,3,1,1,1,1
1032,5,5,2,7,2,5,4,8,4,3,4,1,12.64432758,310000,1,1,1,3,1,1,0,1
1033,5,4,2,7,2,5,4,8,1,2,4,1,12.34583459,230000,1,1,1,3,1,1,1,1
1034,3,3,2,2,2,5,2,8,5,2,4,4,11.69316152,119750,1,1,0,2,1,1,1,1
1035,1,1,1,1,1,5,3,8,1,2,4,1,11.33857208,84000,1,1,2,3,1,0,1,0
1036,6,4,5,7,2,5,5,8,6,4,4,1,12.66191396,315500,1,1,1,3,1,1,1,1
1037,5,4,2,2,2,5,4,8,4,4,4,1,12.56723749,287000,1,1,3,3,1,1,1,1
1038,4,4,2,2,2,3,3,8,4,1,1,1,11.48246626,97000,1,1,0,1,1,1,1,1
1039,5,4,4,7,2,3,3,8,1,2,4,1,11.28978191,80000,1,1,1,3,1,1,1,1
1040,4,4,2,4,5,5,3,4,4,3,4,5,11.9511804,155000,1,1,1,3,1,1,1,1
1041,4,4,2,7,4,4,4,8,1,2,4,1,12.06104687,173000,1,1,1,3,1,1,1,1
1042,5,4,4,6,2,5,4,8,5,3,4,1,12.18586994,196000,1,1,1,3,1,1,1,1
1043,5,4,2,7,2,5,4,8,6,2,4,1,12.47716791,262280,1,1,1,3,1,1,1,1
1044,5,4,2,6,2,3,4,8,5,4,4,4,12.53537639,278000,1,1,1,3,1,1,1,1
1045,1,1,1,1,1,5,3,6,5,2,4,1,11.84653647,139600,1,2,1,3,1,1,1,1
1046,6,4,4,7,2,5,5,8,5,4,4,1,13.22956799,556581,1,1,3,3,2,1,0,1
1047,5,4,2,7,2,5,3,8,1,2,4,1,11.88448902,145000,1,1,2,3,1,1,1,1
1048,1,1,1,1,1,3,3,7,4,2,4,5,11.65268741,115000,1,1,1,3,1,1,1,1
1049,1,1,1,1,1,5,4,8,1,2,4,1,11.34922937,84900,1,1,2,3,1,1,0,1
1050,5,4,4,2,2,5,4,8,1,4,4,1,12.08099117,176485,1,1,1,3,2,1,0,1
1051,5,4,4,2,2,5,4,8,5,4,4,1,12.2067774,200141,1,1,1,3,2,1,0,1
1052,4,4,2,4,2,3,3,8,4,3,4,5,12.01370075,165000,1,1,1,3,1,1,1,1
1053,4,4,4,4,2,5,3,6,5,2,4,1,11.88103479,144500,1,2,0,3,1,1,1,1
1054,5,4,3,7,2,5,4,8,5,4,4,1,12.44901882,255000,1,1,1,3,1,1,1,1
1055,5,4,2,6,2,3,3,8,4,4,4,4,12.10071213,180000,1,1,1,3,0,1,0,1
1056,5,4,4,7,2,5,4,8,5,3,4,1,12.13269518,185850,1,1,1,3,1,1,1,1
1057,5,4,2,7,2,5,4,8,5,4,4,1,12.42118403,248000,1,1,3,3,1,1,1,1
1058,6,4,4,7,2,5,5,8,5,4,4,1,12.72188581,335000,1,1,1,3,1,1,1,1
1059,4,4,3,4,3,3,3,8,5,2,3,1,12.30138283,220000,1,1,2,3,1,1,1,1
1060,5,4,3,7,2,5,4,8,1,4,4,1,12.27139211,213500,1,1,1,3,1,1,1,1
1061,4,4,2,2,2,3,3,8,1,3,4,1,11.30220443,81000,1,1,2,3,0,1,1,1
1062,4,4,2,2,2,3,3,6,1,2,4,1,11.40756495,90000,1,1,2,3,1,1,1,0
1063,4,4,2,5,2,4,4,8,5,2,4,4,11.6127708,110500,1,1,2,3,1,1,1,1
1064,4,4,3,5,4,5,3,8,2,3,4,4,11.94470788,154000,1,1,1,3,1,1,1,1
1065,6,4,5,7,2,5,4,8,1,3,4,1,12.70076889,328000,1,1,1,3,1,1,1,1
1066,5,4,2,2,2,4,3,8,4,3,4,1,12.08953883,178000,1,1,1,3,1,1,1,1
1067,4,4,5,7,3,3,3,8,1,3,4,1,12.03112384,167900,1,1,1,3,1,1,1,1
1068,5,4,2,6,2,4,3,4,5,4,4,5,11.92768062,151400,1,1,1,3,1,1,1,1
1069,4,4,2,6,2,3,4,8,1,2,4,1,11.81303006,135000,1,1,2,3,1,1,1,1
1070,4,4,2,5,2,3,3,8,1,2,4,1,11.81303006,135000,1,1,1,3,1,1,1,1
1071,4,4,2,4,2,5,3,8,1,2,4,1,11.94470788,154000,1,1,1,3,1,1,1,1
1072,3,3,3,2,2,2,3,8,4,2,4,1,11.42409425,91500,1,2,2,3,1,0,1,1
1073,4,4,2,5,2,3,3,8,1,4,4,4,11.9797992,159500,1,1,1,3,1,1,1,1
1074,5,4,4,2,2,5,4,8,1,3,4,1,12.17561344,194000,1,1,1,3,1,1,1,1
1075,4,4,2,5,2,3,3,8,5,2,4,1,12.29910751,219500,1,1,1,3,0,1,1,1
1076,3,4,2,6,2,4,4,7,4,2,4,1,12.04355372,170000,1,1,1,3,1,1,1,1
1077,4,4,3,5,4,5,3,8,1,4,4,1,11.84078933,138800,1,1,1,3,1,1,0,1
1078,5,4,3,7,2,5,4,8,5,3,4,1,11.95697006,155900,1,1,1,3,1,1,1,1
1079,5,4,2,7,2,4,3,8,1,2,4,1,11.74403719,126000,1,1,1,3,1,1,1,1
1080,4,4,2,6,2,5,4,8,1,3,4,1,11.88448902,145000,1,1,1,3,0,1,0,1
1081,4,4,2,6,2,2,3,8,1,4,4,4,11.79810441,133000,1,1,1,3,1,1,1,1
1082,5,4,2,2,2,5,4,8,5,3,4,1,12.16525065,192000,1,1,1,3,1,1,1,1
1083,4,4,2,5,2,3,3,8,5,3,4,4,11.98292909,160000,1,1,1,3,1,1,1,1
1084,5,4,2,6,2,4,3,8,4,4,4,1,12.14153412,187500,1,1,1,3,1,1,1,1
1085,5,4,4,7,2,5,4,8,1,2,4,1,11.89818787,147000,1,1,1,3,1,1,1,1
1086,4,4,2,5,2,3,3,8,1,3,4,1,11.33260191,83500,1,1,1,3,1,1,1,1
1087,5,4,3,2,2,5,4,8,5,3,4,1,12.43718437,252000,1,1,1,3,1,1,1,1
1088,5,4,2,2,2,5,4,4,1,2,4,1,11.8313792,137500,1,1,2,3,1,1,1,1
1089,5,4,2,7,2,5,4,8,5,4,4,1,12.19095901,197000,1,1,1,3,1,1,1,1
1090,1,1,1,1,1,2,3,8,1,2,4,1,11.43927892,92900,0,2,2,3,1,1,1,0
1091,5,4,2,5,2,5,4,8,1,2,4,1,11.98292909,160000,1,1,2,3,1,1,1,1
1092,4,4,2,4,2,2,3,8,5,2,4,1,11.82407989,136500,1,1,2,3,1,1,1,1
1093,4,4,3,7,2,4,4,8,1,2,4,4,11.8913619,146000,1,1,2,3,1,1,1,1
1094,4,4,2,5,4,5,3,8,1,4,4,1,11.76756768,129000,1,1,1,3,1,1,1,1
1095,5,4,2,7,2,4,4,8,5,3,4,1,12.08069081,176432,1,1,1,3,1,1,1,1
1096,4,4,2,2,2,3,4,8,1,1,1,1,11.75194237,127000,1,1,0,1,1,1,1,1
1097,5,4,2,2,2,5,4,8,1,3,4,1,12.04355372,170000,1,1,1,3,1,1,1,1
1098,4,4,2,5,2,3,3,8,1,2,4,1,11.75978554,128000,1,1,2,3,1,1,1,1
1099,5,4,2,6,2,3,3,8,4,3,4,1,11.96400108,157000,1,1,1,3,0,1,0,1
1100,4,3,2,4,2,3,2,8,1,2,4,1,11.00209984,60000,1,0,2,3,1,0,1,0
1101,4,4,2,5,3,3,3,8,1,2,4,1,11.69107165,119500,1,1,2,3,1,1,1,1
1102,4,4,2,4,2,5,3,8,1,3,4,2,11.81303006,135000,1,1,1,3,1,1,0,1
1103,4,4,3,6,2,5,3,8,3,4,4,1,11.9797992,159500,1,1,3,3,1,1,1,1
1104,4,4,2,2,2,3,3,8,1,2,4,1,11.57119437,106000,1,1,2,3,1,1,1,1
1105,6,4,4,7,2,5,4,8,4,3,4,1,12.69158046,325000,1,1,1,3,1,1,1,1
1106,5,4,3,7,2,4,4,8,4,4,4,1,12.10015642,179900,1,1,1,3,1,1,1,1
1107,6,5,2,2,2,5,4,8,5,3,4,1,12.52352588,274725,1,1,3,3,2,1,0,1
1108,5,4,2,2,2,5,3,8,4,3,4,1,12.10625231,181000,1,1,1,3,1,1,0,1
1109,6,4,3,7,2,5,4,8,5,4,4,1,12.54254488,280000,1,1,1,3,1,1,1,1
1110,5,4,2,7,2,4,3,8,4,4,4,1,12.14419724,188000,1,1,1,3,1,1,1,1
1111,4,4,2,6,2,3,3,8,5,3,4,1,12.23076526,205000,1,1,1,3,1,1,1,1
1112,4,4,2,7,2,3,3,8,1,2,4,1,11.7745202,129900,1,2,2,3,1,1,1,1
1113,4,4,2,5,2,4,4,8,1,2,4,1,11.80931948,134500,1,1,1,3,1,1,1,1
1114,4,4,2,4,2,5,4,8,1,2,4,4,11.66992921,117000,1,1,2,3,1,1,1,1
1115,6,4,2,7,2,5,5,8,5,3,4,1,12.66980666,318000,1,1,1,3,2,1,0,1
1116,5,4,2,7,2,5,4,8,4,4,4,1,12.12323437,184100,1,1,3,3,1,1,1,1
1117,4,4,2,5,2,5,4,8,1,3,4,1,11.77528973,130000,1,1,1,3,1,1,1,1
1118,4,4,2,2,2,3,3,6,1,3,4,1,11.8493977,140000,1,1,3,3,1,1,1,1
1119,4,4,2,3,2,3,3,8,1,3,4,3,11.80335376,133700,1,2,1,3,1,1,1,1
1120,4,4,2,2,2,3,3,8,5,2,4,4,11.681824,118400,1,2,2,3,1,1,1,1
1121,5,4,4,7,2,5,4,8,1,3,4,1,12.26857785,212900,1,1,1,3,2,1,0,1
1122,4,4,2,2,2,5,3,8,1,2,4,4,11.62625415,112000,1,2,0,3,0,1,0,1
1123,4,4,2,2,2,5,3,8,1,1,1,1,11.6784399,118000,1,1,0,1,1,1,1,1
1124,5,4,2,2,2,4,4,8,4,4,4,1,12.00701176,163900,1,1,1,3,1,1,1,1
1125,4,4,2,2,2,3,2,8,4,2,3,1,11.65268741,115000,1,1,2,2,1,1,1,1
1126,5,4,2,2,2,5,4,8,4,4,4,1,12.06681058,174000,1,1,1,3,1,1,1,1
1127,5,4,4,7,2,5,4,8,5,4,4,1,12.46458334,259000,1,1,1,3,1,1,0,1
1128,5,4,4,2,2,5,4,8,5,4,4,1,12.27839331,215000,1,1,3,3,1,1,1,1
1129,5,4,5,7,2,3,3,8,1,2,4,1,11.8493977,140000,1,1,2,3,1,1,1,1
1130,4,4,2,5,2,3,4,6,4,2,4,4,11.81303006,135000,1,1,2,3,1,1,1,1
1131,5,4,3,5,2,3,3,8,1,1,1,4,11.44571672,93500,1,1,0,1,0,1,0,1
1132,4,4,3,2,2,3,2,8,1,2,4,1,11.67419361,117500,1,1,2,2,1,0,1,1
1133,5,4,2,7,2,5,4,8,4,3,4,1,12.3863087,239500,1,1,1,3,1,1,1,1
1134,5,4,4,2,2,4,3,8,4,4,4,1,12.03765399,169000,1,1,1,3,1,1,1,1
1135,4,4,2,2,2,3,3,8,5,2,4,1,11.53272809,102000,1,1,2,3,1,1,1,0
1136,4,4,2,5,2,3,3,8,1,2,4,1,11.68687877,119000,1,2,1,3,1,1,0,1
1137,4,4,2,2,2,4,3,8,1,1,1,1,11.45105006,94000,1,1,0,1,1,0,1,0
1138,4,4,5,6,2,3,4,8,4,3,4,1,12.18586994,196000,1,1,1,3,1,1,1,1
1139,4,4,2,5,2,3,3,4,5,2,4,1,11.87756858,144000,1,1,2,3,1,1,1,1
1140,4,4,3,6,2,3,3,8,1,2,4,1,11.84222921,139000,1,1,2,3,0,1,0,1
1141,4,4,2,6,2,5,4,8,4,2,4,1,12.19349386,197500,1,1,1,3,1,1,1,1
1142,6,4,5,7,2,5,4,8,4,3,4,1,12.95953852,424870,1,1,3,3,2,1,0,1
1143,4,4,2,7,2,3,3,8,1,1,1,1,11.28978191,80000,1,1,0,1,1,1,1,1
1144,5,4,2,5,2,2,2,8,1,2,4,4,11.28978191,80000,0,2,2,3,1,1,1,0
1145,4,4,2,2,2,5,3,8,5,2,4,1,11.91170158,149000,1,1,2,3,1,1,0,1
1146,5,4,2,7,2,3,4,8,4,2,4,1,12.10071213,180000,1,1,1,3,1,1,1,1
1147,4,4,2,4,2,5,2,8,5,2,4,1,12.06968002,174500,1,1,1,3,1,1,1,1
1148,4,4,2,2,2,3,3,8,5,2,4,1,11.66907415,116900,1,1,2,3,1,1,1,1
1149,4,4,2,6,2,5,3,8,1,2,4,1,11.87059991,143000,1,1,2,3,1,1,1,1
1150,4,4,2,2,2,5,4,8,5,2,4,5,11.72803684,124000,1,2,1,3,1,1,1,1
1151,4,4,2,5,2,3,2,8,5,4,4,1,11.91772368,149900,1,1,1,3,1,1,1,1
1152,4,4,2,6,7,5,5,8,5,4,4,1,12.34583459,230000,1,1,1,3,1,1,0,1
1153,4,4,4,6,2,5,3,8,1,2,4,1,11.69940503,120500,1,1,2,3,1,1,1,1
1154,4,4,5,6,2,3,4,8,5,2,4,5,12.21503239,201800,1,1,1,3,1,1,1,1
1155,5,4,5,6,2,3,4,8,3,3,4,1,12.29225034,218000,1,1,1,3,1,1,1,1
1156,4,4,5,6,2,4,4,8,5,3,4,4,12.10015642,179900,1,1,1,3,1,1,1,1
1157,5,4,2,7,2,5,4,8,5,3,4,1,12.34583459,230000,1,1,1,3,1,1,1,1
1158,5,4,2,2,2,5,4,8,1,3,4,1,12.36788533,235128,1,1,1,3,0,1,0,1
1159,4,4,2,6,2,3,4,8,4,3,4,1,12.1281111,185000,1,1,1,2,1,1,1,1
1160,5,4,2,6,2,2,3,8,4,2,4,1,11.8913619,146000,1,1,1,3,1,1,1,1
1161,4,4,2,5,2,5,4,8,5,2,4,1,12.31940133,224000,1,1,2,3,1,1,1,1
1162,5,4,2,5,2,4,3,8,2,4,4,1,11.76756768,129000,1,1,1,3,1,1,1,1
1163,5,4,4,7,2,3,3,8,1,2,4,1,11.59872694,108959,1,1,0,2,1,1,0,1
1164,5,4,5,6,4,5,4,8,4,2,4,1,12.17561344,194000,1,1,1,3,1,1,1,1
1165,5,4,2,2,2,5,4,8,1,3,4,1,12.35952308,233170,1,1,1,3,2,1,0,1
1166,5,4,4,2,2,5,4,8,1,3,4,1,12.41044104,245350,1,1,1,3,1,1,1,1
1167,5,4,2,7,2,5,3,8,4,4,4,1,12.06104687,173000,1,1,1,3,1,1,1,1
1168,4,4,2,4,2,5,4,8,4,2,4,1,12.36734079,235000,1,1,0,3,1,1,1,1
1169,6,4,5,7,2,5,4,8,4,4,4,1,13.34550693,625000,1,1,1,3,1,1,1,1
1170,4,4,4,6,2,3,3,8,2,4,4,5,12.04941884,171000,1,1,1,3,1,1,1,1
1171,4,4,2,6,2,5,3,8,4,3,4,1,12.00150548,163000,1,1,1,3,1,1,1,1
1172,5,4,2,2,2,5,4,8,1,4,4,1,12.05466819,171900,1,1,2,3,1,1,1,1
1173,4,4,2,4,5,3,5,4,5,1,1,4,12.20856953,200500,1,1,0,1,1,1,1,1
1174,5,4,2,4,2,3,3,8,5,2,4,1,12.38421883,239000,1,1,2,3,1,1,1,1
1175,5,4,2,7,2,5,4,8,4,4,4,1,12.56024446,285000,1,1,1,3,1,1,1,1
1176,4,4,2,6,2,3,3,8,1,2,4,4,11.69107165,119500,1,1,1,3,1,1,1,1
1177,4,4,2,4,2,3,3,8,1,2,4,1,11.65268741,115000,1,1,2,3,1,0,1,1
1178,4,4,2,2,2,5,3,8,5,2,4,1,11.95053503,154900,1,1,2,2,1,1,1,1
1179,1,1,1,1,1,4,3,6,5,1,1,1,11.44035477,93000,1,1,0,1,1,0,1,1
1180,5,4,2,3,2,5,3,8,1,4,4,5,12.4292162,250000,1,1,1,3,1,1,1,1
1181,6,4,5,7,2,5,4,8,5,4,4,1,12.88029182,392500,1,1,1,3,2,1,0,1
1182,6,4,4,7,2,5,5,8,4,4,4,4,13.5211395,745000,1,1,1,3,1,1,0,1
1183,4,4,2,4,2,5,3,8,5,2,4,1,11.69524702,120000,1,1,2,3,1,1,1,1
1184,4,4,5,4,2,4,3,8,4,3,4,1,12.13725833,186700,1,1,0,3,1,1,1,1
1185,4,4,2,5,2,4,3,8,1,2,4,1,11.56076279,104900,1,1,1,3,1,1,1,1
1186,3,4,3,5,2,3,3,8,1,2,3,1,11.46163217,95000,1,1,0,2,1,1,0,1
1187,5,4,2,7,2,5,4,8,3,3,4,5,12.47609978,262000,1,1,1,3,1,1,1,1
1188,5,4,2,2,2,5,4,8,1,3,4,1,12.18075484,195000,1,1,1,3,1,1,1,1
1189,4,4,2,2,2,4,4,8,4,4,4,1,12.14950229,189000,1,1,1,3,1,1,1,1
1190,4,4,4,5,2,5,3,8,4,4,4,1,12.03171926,168000,1,1,0,3,1,1,1,1
1191,5,4,2,2,2,5,4,8,1,2,4,1,12.06681058,174000,1,1,2,3,1,1,1,1
1192,4,4,3,2,2,4,4,8,1,2,3,3,11.73606902,125000,1,1,2,3,1,0,1,1
1193,6,4,2,7,2,5,3,8,1,4,4,1,12.01370075,165000,1,1,1,3,1,1,1,1
1194,4,4,2,6,2,3,3,8,1,4,4,4,11.97035031,158000,1,1,1,3,1,1,1,1
1195,5,4,2,2,2,5,4,8,1,4,4,1,12.07823927,176000,1,1,1,3,1,1,1,1
1196,5,4,4,2,2,5,4,8,5,4,4,1,12.29778545,219210,1,1,3,3,2,1,0,1
1197,4,4,2,2,2,5,3,8,5,2,4,1,11.87756858,144000,1,1,2,3,0,1,1,1
1198,5,4,2,2,2,5,4,8,1,3,4,1,12.08953883,178000,1,1,1,3,1,1,1,1
1199,4,4,2,4,2,4,3,8,2,2,4,1,11.90496755,148000,1,1,1,3,1,1,1,1
1200,4,4,2,2,2,4,3,8,1,2,4,1,11.66177641,116050,1,1,1,3,0,1,0,1
1201,5,4,4,2,2,5,4,8,1,3,4,1,12.19551713,197900,1,1,1,3,1,1,1,1
1202,4,4,2,2,2,5,3,8,3,2,4,1,11.66992921,117000,1,1,2,3,1,0,1,1
1203,5,4,2,2,2,5,4,8,4,2,4,1,12.26904744,213000,1,1,1,3,1,1,1,1
1204,5,4,2,6,2,5,3,8,1,3,4,4,11.94145585,153500,1,1,1,3,1,1,1,1
1205,5,4,3,6,5,4,4,8,4,3,4,1,12.51318963,271900,1,1,1,3,1,1,1,1
1206,4,4,2,4,2,3,3,8,1,2,4,4,11.58058411,107000,1,1,2,3,1,1,1,1
1207,5,4,4,7,2,5,4,8,1,3,4,1,12.20607265,200000,1,1,1,3,1,1,1,1
1208,4,4,2,4,5,3,3,8,1,2,4,1,11.8493977,140000,1,1,2,3,1,1,1,1
1209,6,4,3,7,2,5,4,8,5,3,4,1,12.5776362,290000,1,1,1,3,2,1,0,1
1210,5,4,2,2,2,5,4,8,4,3,4,5,12.14950229,189000,1,1,1,3,1,1,1,1
1211,5,4,4,7,2,4,3,8,1,3,4,1,12.00762171,164000,1,1,0,3,1,1,1,1
1212,4,4,2,4,2,3,3,8,1,2,4,1,11.6351431,113000,1,1,1,3,1,0,1,1
1213,4,5,4,7,2,5,3,8,1,2,4,1,11.88448902,145000,1,1,1,3,1,1,1,1
1214,4,4,4,5,2,3,3,8,1,2,4,1,11.80931948,134500,1,1,1,3,1,1,1,1
1215,4,4,2,4,3,3,3,8,1,3,4,4,11.73606902,125000,1,1,2,3,1,1,1,1
1216,1,1,1,1,1,3,3,8,1,2,4,1,11.62625415,112000,1,1,1,3,1,1,1,1
1217,5,4,3,7,2,5,4,8,1,3,4,1,12.34346657,229456,1,1,1,3,2,1,0,1
1218,1,1,1,1,1,4,3,8,1,1,1,1,11.29601246,80500,1,1,0,1,1,0,1,0
1219,4,4,2,2,2,3,3,8,1,1,1,1,11.42409425,91500,1,1,0,1,1,0,0,1
1220,4,4,2,4,3,3,3,8,1,2,4,1,11.65268741,115000,1,1,1,3,1,1,0,1
1221,4,4,2,5,3,5,3,8,4,2,4,1,11.80559508,134000,1,1,1,3,1,1,1,1
1222,4,4,3,4,2,5,3,8,5,2,4,3,11.87059991,143000,1,1,1,3,1,1,1,1
1223,4,3,2,3,2,3,3,5,1,2,4,4,11.83428406,137900,1,2,2,3,1,1,1,0
1224,5,4,4,7,2,5,4,8,5,4,4,1,12.12269104,184000,1,1,1,3,1,1,1,1
1225,4,4,4,7,2,5,3,8,1,3,4,2,11.88448902,145000,1,1,1,3,1,1,1,1
1226,5,4,3,2,2,5,4,8,5,4,4,1,12.27373129,214000,1,1,3,3,1,1,1,1
1227,4,4,2,6,2,5,4,8,1,2,4,1,11.89818787,147000,1,1,2,3,1,1,1,1
1228,6,4,2,7,2,5,5,8,5,4,4,1,12.8139179,367294,1,1,1,3,2,1,0,1
1229,4,4,2,6,2,4,3,4,1,2,4,3,11.75194237,127000,1,1,0,3,1,1,1,1
1230,5,4,2,7,4,5,3,8,4,3,4,1,12.15477935,190000,1,1,3,3,1,0,1,1
1231,4,4,4,6,2,3,3,8,1,2,4,3,11.79433792,132500,1,1,1,3,1,1,1,1
1232,1,1,1,1,1,3,3,8,1,2,4,1,11.53076538,101800,1,1,0,3,1,1,1,1
1233,4,4,2,4,2,2,3,8,1,3,4,4,11.86358234,142000,1,1,1,3,0,1,0,1
1234,4,4,4,2,2,3,3,8,1,1,1,1,11.77528973,130000,1,2,0,1,1,0,0,0
1235,5,4,3,2,2,4,3,8,1,2,3,1,11.84141593,138887,1,0,2,2,1,0,1,1
1236,5,4,2,2,2,5,4,8,1,3,4,1,12.07539432,175500,1,1,3,3,1,1,1,1
1237,5,4,2,2,2,5,4,8,5,4,4,1,12.18075484,195000,1,1,3,3,1,1,1,1
1238,5,4,2,2,2,5,3,8,1,2,4,1,11.86709728,142500,1,1,2,3,1,1,0,1
1239,5,4,4,7,2,5,5,8,5,3,4,1,12.49087558,265900,1,1,1,3,1,1,1,1
1240,5,4,2,7,2,5,4,8,1,3,4,1,12.32341114,224900,1,1,1,3,1,1,1,1
1241,5,4,4,2,2,5,4,8,1,3,4,1,12.42250573,248328,1,1,1,3,2,1,0,1
1242,5,4,5,7,3,3,4,8,4,3,4,4,12.04355372,170000,1,1,1,3,1,1,0,1
1243,6,5,5,7,2,5,5,8,5,4,4,1,13.04979268,465000,1,1,1,3,2,1,0,1
1244,5,4,2,2,2,2,4,8,5,2,4,1,12.34583459,230000,1,1,2,3,1,1,1,1
1245,5,4,2,2,2,5,3,8,4,4,4,1,12.08953883,178000,1,1,3,3,1,1,0,1
1246,5,4,2,2,2,5,4,8,1,3,4,1,12.13618652,186500,1,1,1,3,2,1,0,1
1247,4,4,4,7,2,3,3,8,1,2,4,1,12.04296531,169900,1,1,1,3,1,1,1,1
1248,5,4,2,4,2,2,3,8,5,2,3,1,11.77143616,129500,0,1,2,2,1,0,1,0
1249,4,4,2,5,4,3,3,8,1,2,4,1,11.68687877,119000,1,1,1,3,1,1,1,1
1250,4,4,2,6,2,5,5,8,4,4,4,1,12.4049235,244000,1,1,1,3,1,1,1,1
1251,5,4,2,2,2,5,4,8,5,3,4,1,12.05379521,171750,1,1,1,3,1,1,1,1
1252,4,4,2,5,2,3,3,8,1,3,4,3,11.77528973,130000,1,1,1,3,1,1,1,1
1253,4,4,5,3,6,3,4,8,5,3,4,4,12.59133505,294000,1,1,1,3,1,1,1,1
1254,5,4,2,2,2,5,4,8,5,4,4,1,12.01612206,165400,1,1,3,3,1,1,1,1
1255,4,3,2,3,2,3,3,8,5,2,4,1,11.75587164,127500,1,2,2,3,1,1,1,1
1256,5,4,5,7,2,5,4,8,4,4,4,1,12.6165253,301500,1,1,1,3,1,1,1,1
1257,3,4,2,2,2,5,3,8,1,1,1,1,11.51192496,99900,1,1,0,1,1,1,1,1
1258,5,4,5,7,2,5,4,8,1,4,4,1,12.15477935,190000,1,1,1,3,1,1,1,1
1259,5,4,2,6,3,4,3,8,1,2,4,1,11.92503512,151000,1,1,1,3,1,1,1,1
1260,5,4,2,2,2,5,3,8,4,4,4,1,12.10625231,181000,1,1,3,3,1,1,1,1
1261,4,4,2,4,2,4,3,8,1,2,4,1,11.76679219,128900,1,1,1,3,1,1,1,1
1262,4,4,4,2,2,5,3,6,4,2,4,1,11.99226042,161500,1,2,1,3,1,1,1,1
1263,4,4,2,2,2,5,3,8,5,2,4,5,12.10348606,180500,1,2,2,3,1,0,1,1
1264,5,4,2,7,2,5,4,8,1,4,4,1,12.10625231,181000,1,1,1,3,0,1,0,1
1265,5,4,2,7,2,5,4,8,1,2,4,1,12.12214741,183900,1,1,2,3,1,1,1,1
1266,4,4,2,2,2,3,3,8,5,2,4,4,11.71177632,122000,1,0,2,3,1,0,1,0
1267,6,4,5,2,2,5,5,8,5,4,4,1,12.84397135,378500,1,1,1,3,1,1,1,1
1268,4,4,3,4,2,5,4,8,5,2,4,3,12.85055465,381000,1,1,3,3,1,1,1,1
1269,4,4,2,5,2,3,3,8,1,2,4,3,11.87756858,144000,1,2,1,3,1,1,1,1
1270,5,4,5,7,2,3,4,8,4,4,4,1,12.46843691,260000,1,1,1,3,1,1,1,1
1271,4,4,2,2,2,4,4,8,5,3,4,1,12.13215696,185750,1,1,1,3,1,1,1,1
1272,4,4,2,5,3,3,3,8,1,2,4,4,11.8277362,137000,1,1,1,3,1,1,1,1
1273,4,4,4,6,2,4,5,8,5,3,4,5,12.08390501,177000,1,1,0,3,1,1,1,1
1274,4,4,2,2,2,5,3,8,5,2,4,1,11.84222921,139000,1,1,2,3,1,1,1,1
1275,4,4,2,4,2,4,3,8,1,2,3,1,11.8277362,137000,1,2,2,3,1,1,1,1
1276,4,5,2,5,2,3,3,8,4,2,4,1,11.99535161,162000,1,1,1,3,1,1,1,1
1277,5,4,4,6,2,2,3,8,5,3,4,1,12.19551713,197900,1,1,1,3,1,1,1,1
1278,5,4,2,7,2,5,4,8,5,3,4,1,12.37581542,237000,1,1,1,3,1,1,1,1
1279,4,4,2,2,2,3,3,8,1,3,4,1,11.1331281,68400,1,2,2,3,0,1,0,1
1280,5,4,2,7,2,5,4,8,1,3,4,1,12.3327053,227000,1,1,1,3,1,1,1,1
1281,5,4,2,6,2,3,3,8,4,4,5,1,12.10071213,180000,1,1,1,2,1,1,1,1
1282,5,4,3,3,4,3,4,8,1,2,4,1,11.92171836,150500,1,1,2,3,1,1,1,1
1283,4,4,4,2,2,3,3,8,1,1,1,1,11.84222921,139000,1,1,0,1,1,1,1,1
1284,4,4,2,2,2,5,4,6,5,2,4,1,12.03765399,169000,1,1,2,3,1,1,1,1
1285,4,4,2,2,2,5,3,8,5,2,4,1,11.79433792,132500,1,0,2,3,1,1,1,1
1286,4,4,2,6,4,3,3,8,5,2,4,1,11.87059991,143000,1,1,1,3,1,1,1,1
1287,4,4,4,4,2,2,3,8,1,2,4,1,12.15477935,190000,1,1,1,3,1,0,1,1
1288,5,4,2,7,2,5,5,8,6,4,4,1,12.53537639,278000,1,1,1,3,1,1,1,1
1289,5,4,3,2,2,5,5,8,5,4,4,1,12.54610995,281000,1,1,3,3,2,1,0,1
1290,4,4,4,7,2,3,3,8,5,3,4,1,12.10348606,180500,1,1,1,3,1,1,1,1
1291,4,4,2,6,2,3,3,8,1,2,4,1,11.69107165,119500,1,1,2,3,1,1,1,1
1292,4,4,2,2,2,3,3,6,1,3,4,1,11.58524613,107500,1,1,1,3,1,1,1,0
1293,5,4,2,7,2,3,3,8,4,3,4,3,12.00089179,162900,1,1,1,3,1,1,1,1
1294,4,4,2,4,2,3,3,8,1,2,4,1,11.65268741,115000,1,1,2,3,1,0,1,1
1295,4,4,4,5,2,4,3,8,1,3,4,3,11.8386256,138500,1,1,1,3,1,1,1,1
1296,4,4,3,6,2,4,3,8,1,3,4,4,11.9511804,155000,1,1,1,3,1,1,1,1
1297,5,4,5,7,2,4,3,8,1,4,4,1,11.8493977,140000,1,1,0,3,2,1,0,1
1298,6,4,5,7,2,5,5,8,5,4,4,1,11.98292909,160000,1,1,1,3,2,1,0,1
1299,4,4,2,3,4,5,4,8,1,3,4,5,11.94470788,154000,1,1,1,3,1,1,1,1
1300,5,4,2,7,2,5,4,8,4,4,4,1,12.32385568,225000,1,1,1,3,1,1,1,1
1301,4,4,2,5,2,2,4,8,5,2,4,1,12.08672589,177500,1,1,1,3,1,0,1,1
1302,5,4,2,7,2,5,4,8,4,3,4,1,12.5776362,290000,1,1,1,3,1,1,1,1
1303,5,4,4,2,2,5,4,8,1,3,4,1,12.35449265,232000,1,1,1,3,1,1,1,1
1304,5,4,2,2,2,5,4,4,1,2,4,1,11.77528973,130000,1,1,2,3,1,1,1,1
1305,6,4,2,7,2,5,5,8,6,4,4,1,12.69158046,325000,1,1,1,3,1,1,1,1
1306,5,4,2,2,2,5,4,8,5,3,4,1,12.21849517,202500,1,1,1,3,2,1,0,1
1307,5,5,2,6,2,5,3,8,1,2,4,1,11.83500896,138000,1,1,2,3,1,1,1,1
1308,4,4,2,7,6,5,4,8,1,2,4,3,11.89818787,147000,1,1,1,3,1,1,1,1
1309,5,4,2,7,2,4,4,8,1,3,4,3,12.09625778,179200,1,1,1,3,1,1,1,1
1310,5,4,4,7,2,3,5,8,4,4,4,1,12.72188581,335000,1,1,1,3,1,1,1,1
1311,5,4,2,7,2,5,4,8,1,3,4,1,12.22096126,203000,1,1,1,3,2,1,0,1
1312,6,4,2,7,2,5,4,8,6,3,5,1,12.6181823,302000,1,1,1,2,1,1,1,1
1313,5,4,2,2,2,5,4,8,4,4,4,1,12.71640215,333168,1,1,3,3,1,1,1,1
1314,4,4,2,4,2,5,3,8,4,2,4,1,11.68687877,119000,1,1,2,3,1,1,1,1
1315,3,4,3,6,3,3,3,8,5,2,4,1,12.23999086,206900,1,1,1,3,1,1,1,1
1316,6,4,5,2,2,5,5,8,5,3,4,1,12.59640043,295493,1,1,1,3,1,1,1,1
1317,6,5,2,2,2,5,4,8,5,3,4,1,12.24961095,208900,1,1,1,3,2,1,0,1
1318,5,4,5,2,2,5,4,8,4,3,4,1,12.52452638,275000,1,1,1,3,1,1,1,1
1319,4,4,2,6,2,5,3,8,1,2,4,1,11.61728548,111000,1,1,1,3,1,1,1,1
1320,4,4,2,6,4,4,3,8,5,3,4,1,11.96081129,156500,1,1,1,3,1,1,1,1
1321,1,1,1,1,1,3,3,8,1,2,3,1,11.19134184,72500,0,1,2,3,1,1,1,0
1322,5,4,2,7,2,5,4,8,4,3,4,1,12.15477935,190000,1,1,1,3,1,1,1,1
1323,4,4,2,3,2,4,2,8,1,1,1,1,11.32055357,82500,1,1,0,1,1,1,1,1
1324,6,4,4,2,2,5,4,8,5,3,4,1,11.89818787,147000,1,1,1,3,2,1,0,1
1325,4,3,2,2,2,2,3,8,1,1,1,4,10.91508846,55000,1,1,0,1,1,0,1,0
1326,4,4,2,4,2,5,4,8,1,1,1,1,11.27720313,79000,1,1,0,1,1,1,1,1
1327,4,4,2,6,2,5,4,8,6,2,4,4,11.77912851,130500,1,1,1,3,1,1,1,1
1328,5,4,2,3,2,5,3,5,4,2,4,4,12.45293272,256000,1,1,2,2,1,1,1,1
1329,5,4,2,2,2,4,3,8,4,4,4,1,12.08107616,176500,1,1,1,3,1,1,1,1
1330,5,5,4,2,2,5,4,8,5,3,4,1,12.3327053,227000,1,1,1,3,1,1,1,1
1331,4,4,4,6,2,4,3,8,1,2,4,1,11.79433792,132500,1,1,2,3,1,1,1,1
1332,4,4,3,6,2,5,3,8,5,2,3,1,11.51292546,100000,1,1,2,2,1,1,1,1
1333,4,4,2,2,2,5,4,8,1,2,4,4,11.74006104,125500,1,1,2,3,1,1,1,1
1334,4,4,2,3,2,3,3,7,1,2,4,1,11.73606902,125000,1,1,1,3,1,1,1,1
1335,5,4,2,6,2,3,3,8,4,3,4,1,12.03112384,167900,1,1,1,3,1,1,1,1
1336,4,4,2,2,2,3,3,8,1,2,4,1,11.81303006,135000,1,1,2,3,1,1,1,1
1337,4,4,2,2,2,2,2,8,1,1,1,1,10.86856845,52500,0,2,0,1,1,0,1,0
1338,5,4,2,7,2,5,4,8,1,3,4,1,12.20607265,200000,1,1,3,3,1,1,1,1
1339,4,4,3,4,2,5,3,8,1,3,4,1,11.76368418,128500,1,1,1,3,1,1,1,1
1340,4,4,2,2,2,3,3,8,1,2,4,3,11.71993963,123000,1,1,2,3,1,1,1,1
1341,5,4,2,7,2,5,4,8,1,2,4,1,11.9511804,155000,1,1,2,3,1,1,1,1
1342,5,4,2,2,2,5,4,8,5,3,4,1,12.33929149,228500,1,1,1,3,1,1,1,1
1343,4,4,2,2,2,4,3,8,4,2,3,1,12.08390501,177000,1,1,2,2,1,1,1,1
1344,5,4,2,2,2,5,4,8,4,4,4,1,11.95655303,155835,1,1,1,3,2,1,0,1
1345,4,4,2,6,2,4,2,8,1,2,4,1,11.59450545,108500,1,2,2,3,1,1,1,1
1346,4,4,2,5,4,3,3,8,5,3,4,1,12.47800636,262500,1,1,1,2,1,1,1,1
1347,6,4,5,7,2,5,4,8,5,4,4,1,12.55483688,283463,1,1,1,3,2,1,0,1
1348,5,4,5,7,2,5,4,8,3,3,4,1,12.27839331,215000,1,1,1,3,1,1,1,1
1349,4,3,2,3,2,2,3,8,1,1,1,1,11.71177632,122000,0,1,0,1,1,1,1,0
1350,4,4,2,3,2,3,3,8,1,2,4,1,12.20607265,200000,1,1,2,3,1,1,1,1
1351,4,4,2,4,2,5,3,8,5,4,4,1,12.04941884,171000,1,1,1,3,1,1,1,1
1352,4,4,2,2,2,3,3,8,1,2,4,1,11.81228904,134900,1,1,2,3,1,0,1,1
1353,5,4,4,7,2,5,4,8,6,4,4,1,12.92391244,410000,1,1,1,3,1,1,1,1
1354,5,4,2,7,2,5,4,8,4,3,4,1,12.36734079,235000,1,1,1,3,1,1,1,1
1355,4,4,2,2,2,4,4,8,4,3,4,5,12.04355372,170000,1,1,1,3,1,1,1,1
1356,4,4,2,4,2,3,3,8,1,3,4,3,11.60823564,110000,1,1,1,3,1,1,1,1
1357,4,4,2,7,2,5,3,8,3,4,4,1,11.91772368,149900,1,1,1,3,1,1,1,1
1358,5,4,2,7,2,5,4,8,1,2,4,1,12.08672589,177500,1,1,2,3,1,1,1,1
1359,6,4,4,7,2,5,5,8,5,4,4,1,12.66032792,315000,1,1,1,3,1,1,1,1
1360,4,3,2,2,2,5,3,8,1,3,4,1,12.14950229,189000,1,1,3,3,1,1,1,1
1361,6,4,4,6,2,5,4,8,5,4,4,1,12.46843691,260000,1,1,1,3,1,1,1,1
1362,4,3,2,2,2,4,3,8,5,2,4,1,11.56076279,104900,1,1,1,3,1,1,1,1
1363,5,4,2,2,2,5,4,8,5,4,4,1,11.96356787,156932,1,1,3,3,2,1,0,1
1364,5,4,2,2,2,5,4,8,1,3,4,1,11.87862358,144152,1,1,2,3,1,1,0,1
1365,5,4,2,7,2,5,4,8,1,3,4,1,12.28303369,216000,1,1,1,3,1,1,1,1
1366,5,4,2,7,2,5,4,8,1,3,4,1,12.17044547,193000,1,1,1,3,1,1,0,1
1367,4,4,2,6,4,5,3,8,4,3,4,1,11.75194237,127000,1,1,1,3,1,1,1,1
1368,5,4,4,7,2,5,4,8,1,4,4,1,11.87756858,144000,1,1,1,3,1,1,1,1
1369,5,4,4,5,7,5,4,8,4,4,4,1,12.35449265,232000,1,1,1,3,1,1,1,1
1370,4,4,2,6,4,5,3,8,1,4,4,1,11.56171563,105000,1,1,2,3,1,1,1,1
1371,4,4,4,5,2,4,4,8,4,3,4,4,12.01672647,165500,1,1,3,3,1,1,1,1
1372,5,4,4,7,2,5,4,8,4,3,4,1,12.52197768,274300,1,1,2,3,1,1,1,1
1373,6,4,5,7,2,5,5,8,5,3,4,1,13.0530133,466500,1,1,1,3,1,1,1,1
1374,5,4,2,2,2,5,4,8,5,4,4,1,12.4292162,250000,1,1,1,3,1,1,1,1
1375,5,4,5,2,2,5,4,8,5,4,4,1,12.38421883,239000,1,1,1,3,2,1,0,1
1376,5,4,3,4,2,3,3,8,1,2,4,1,11.41861479,91000,1,1,2,2,1,1,1,0
1377,4,4,2,3,5,5,3,6,1,2,4,1,11.66992921,117000,1,1,2,3,1,1,1,1
1378,4,3,2,5,2,3,3,8,1,2,4,1,11.32659589,83000,1,1,2,3,1,1,1,1
1379,5,4,2,2,2,4,4,8,1,4,4,1,12.02873863,167500,1,1,3,3,1,1,1,1
1380,4,3,2,4,2,3,3,8,1,2,3,1,10.97678203,58500,1,0,2,3,1,1,1,0
1381,4,4,3,5,2,5,3,8,5,4,4,1,12.3779229,237500,1,1,1,3,1,1,1,1
1382,3,4,2,2,2,5,4,8,1,2,4,1,11.96400108,157000,1,1,2,3,1,0,1,1
1383,4,4,2,2,2,5,4,8,1,2,4,1,11.62625415,112000,1,1,1,3,1,0,1,1
1384,4,4,3,4,2,3,3,8,1,2,4,4,11.56171563,105000,1,1,2,3,1,0,1,1
1385,4,4,2,5,2,4,4,8,1,2,4,4,11.74006104,125500,1,1,2,3,1,0,1,1
1386,5,4,2,5,3,3,4,8,4,3,4,4,12.4292162,250000,1,1,1,3,1,1,1,1
1387,4,4,2,4,3,3,4,8,5,2,4,3,11.82041016,136000,1,1,2,3,0,1,0,0
1388,6,4,5,7,2,5,5,8,5,4,4,1,12.84132585,377500,1,1,1,3,1,1,1,1
1389,4,5,2,6,2,5,3,8,5,2,4,1,11.7829526,131000,1,1,2,3,1,1,1,1
1390,5,4,4,7,2,5,4,8,1,3,4,1,12.36734079,235000,1,1,1,3,1,1,1,1
1391,4,4,2,2,2,3,3,5,1,2,4,1,11.72803684,124000,1,1,2,3,1,1,1,1
1392,4,4,4,6,2,3,3,8,2,3,4,2,11.71993963,123000,1,1,1,3,1,1,1,1
1393,3,4,2,2,2,5,3,8,4,2,4,1,12.00150548,163000,1,1,2,2,1,1,1,0
1394,5,4,4,7,2,5,4,8,5,4,4,1,12.41543365,246578,1,1,1,3,2,1,0,1
1395,5,5,5,2,2,5,4,8,5,4,4,1,12.54686767,281213,1,1,3,3,1,1,1,1
1396,4,4,4,5,4,3,3,7,4,2,4,1,11.98292909,160000,1,1,2,3,1,0,1,1
1397,4,4,3,2,2,5,3,8,1,2,3,1,11.8313792,137500,1,1,2,2,1,0,1,1
1398,4,4,2,4,5,4,3,7,1,2,4,5,11.83500896,138000,1,2,1,3,1,1,1,1
1399,4,4,2,5,2,5,4,8,5,2,4,4,11.83101549,137450,1,1,2,2,1,1,1,1
1400,4,4,2,2,2,3,3,8,5,3,4,1,11.69524702,120000,1,1,3,3,1,1,1,1
1401,4,4,2,7,2,5,3,8,4,4,4,1,12.17044547,193000,1,1,1,3,1,1,1,1
1402,5,5,4,2,2,5,4,8,5,3,4,1,12.17498953,193879,1,1,1,3,2,1,0,1
1403,5,4,5,7,2,5,4,8,1,2,4,1,12.55292652,282922,1,1,1,3,1,1,1,1
1404,4,4,2,2,2,3,3,8,1,2,4,4,11.56171563,105000,1,1,2,3,1,1,0,1
1405,6,4,5,7,2,5,4,8,5,4,4,1,12.52452638,275000,1,1,1,3,1,1,1,1
1406,5,4,4,7,2,3,3,8,1,2,4,4,11.79810441,133000,1,1,2,3,1,1,1,1
1407,4,4,2,6,2,5,3,8,1,1,1,4,11.62625415,112000,1,1,0,1,1,1,1,1
1408,3,4,2,2,2,4,3,8,1,2,4,1,11.74006104,125500,1,1,2,3,1,1,1,1
1409,5,4,2,2,2,4,3,8,4,4,4,4,12.27839331,215000,1,1,1,3,1,1,1,1
1410,5,4,2,7,2,5,4,8,1,3,4,1,12.34583459,230000,1,1,1,3,1,1,1,1
1411,4,4,2,5,2,5,3,6,1,2,4,4,11.8493977,140000,1,1,1,3,1,1,1,1
1412,1,1,1,1,1,2,3,8,1,2,4,1,11.40756495,90000,0,0,2,3,1,1,1,0
1413,5,5,2,7,2,5,4,8,5,4,4,1,12.45683136,257000,1,1,1,3,0,1,0,1
1414,4,4,2,2,2,4,4,8,5,2,4,1,12.24047407,207000,1,1,2,3,1,0,1,1
1415,5,4,2,6,2,5,4,8,4,3,4,1,12.07767093,175900,1,1,1,3,1,1,1,1
1416,4,4,2,2,2,4,3,8,1,2,4,1,11.71586631,122500,1,1,2,3,1,0,1,1
1417,5,4,3,7,2,5,4,8,4,4,4,1,12.7367009,340000,1,1,1,3,1,1,1,1
1418,4,4,2,5,4,3,3,8,1,2,4,1,11.72803684,124000,1,1,2,3,0,1,1,1
1419,4,4,4,4,2,4,4,8,4,3,4,1,12.31492705,223000,1,1,1,3,1,1,1,1
1420,4,4,2,6,2,4,3,8,4,3,4,1,12.10015642,179900,1,1,1,3,1,1,1,1
1421,5,4,2,6,2,3,3,8,3,3,4,1,11.75587164,127500,1,1,1,3,1,1,1,1
1422,5,4,4,7,2,5,4,8,1,4,4,1,11.82407989,136500,1,1,1,3,1,1,1,1
1423,5,4,4,2,2,3,4,8,5,2,5,5,12.52441728,274970,1,1,1,2,1,1,0,1
1424,4,4,2,6,4,3,3,7,4,2,4,3,11.87756858,144000,1,1,2,3,1,1,1,1
1425,4,4,2,2,2,5,4,8,1,2,4,1,11.86358234,142000,1,1,2,3,1,1,1,1
1426,5,4,2,7,2,5,4,8,4,3,4,1,12.5098741,271000,1,1,1,3,1,1,1,1
1427,4,4,2,5,2,3,3,8,4,2,4,1,11.8493977,140000,1,2,1,3,1,1,1,1
1428,4,4,2,5,2,3,4,8,5,2,4,4,11.68687877,119000,1,1,1,3,1,1,0,1
1429,5,4,2,5,2,5,4,8,4,4,4,1,12.11669483,182900,1,1,1,3,1,1,1,1
1430,5,5,4,2,2,5,3,8,5,4,4,1,12.16597955,192140,1,1,3,3,1,1,1,1
1431,5,4,2,3,2,3,3,8,1,3,4,1,11.87583096,143750,1,1,1,3,1,1,1,1
1432,4,4,2,2,2,3,3,8,1,2,3,1,11.0744205,64500,1,1,2,2,1,1,1,1
1433,5,4,2,2,2,5,3,8,4,4,4,1,12.13618652,186500,1,1,1,3,1,1,1,1
1434,4,4,2,6,2,2,3,8,5,3,4,1,11.98292909,160000,1,1,1,3,1,0,1,1
1435,4,4,2,2,2,3,4,8,5,3,4,5,12.06681058,174000,1,1,1,3,0,1,0,1
1436,4,4,2,6,2,3,3,8,1,2,4,3,11.69940503,120500,1,1,2,3,1,1,1,1
1437,6,4,4,7,2,5,5,8,5,4,4,1,12.88567095,394617,1,1,1,3,2,1,0,1
1438,4,4,2,7,2,3,3,8,1,2,4,4,11.91638857,149700,1,2,1,3,1,1,1,1
1439,4,4,2,7,4,3,3,8,4,3,4,1,12.19095901,197000,1,1,1,3,1,1,1,1
1440,6,4,2,2,2,2,3,7,5,4,4,1,12.16002871,191000,1,1,2,3,1,1,1,1
1441,5,4,4,7,2,5,4,8,4,3,4,1,11.91371298,149300,1,1,1,3,1,1,1,1
1442,6,4,4,7,2,5,5,8,6,4,4,1,12.64432758,310000,1,1,1,3,1,1,1,1
1443,4,4,2,2,2,2,2,8,5,2,2,1,11.70354582,121000,0,0,2,2,1,0,1,0
1444,5,4,4,2,2,5,4,8,1,3,4,1,12.09848743,179600,1,1,1,3,1,1,1,1
1445,4,4,5,3,4,4,3,8,1,2,4,1,11.76756768,129000,1,1,2,3,1,1,1,1
1446,4,4,2,4,2,3,3,8,1,2,4,1,11.9697172,157900,1,1,1,3,1,0,1,1
1447,5,4,2,7,2,5,4,8,4,3,4,1,12.3883942,240000,1,1,1,3,1,1,1,1
1448,3,4,2,2,2,4,3,6,1,2,4,3,11.62625415,112000,1,1,2,2,1,1,1,0
1449,5,4,4,7,2,5,5,8,1,1,1,1,11.42954386,92000,1,1,0,1,1,1,0,1
1450,5,4,2,2,2,3,3,8,1,1,1,1,11.82041016,136000,1,1,0,1,1,1,1,1
1451,5,4,2,2,2,5,5,8,5,4,4,1,12.56755103,287090,1,1,1,3,2,1,0,1
1452,5,4,5,7,2,4,3,8,1,4,4,1,11.88448902,145000,1,1,0,3,1,1,1,1
1453,5,4,2,2,2,5,3,8,1,1,1,1,11.34450681,84500,1,1,0,1,1,1,0,1
1454,5,4,2,7,2,5,4,8,1,3,4,1,12.1281111,185000,1,1,1,3,1,1,1,1
1455,5,4,2,2,2,5,3,8,4,3,4,1,12.07254125,175000,1,1,1,3,1,1,1,1
1456,5,4,2,6,4,3,3,7,4,2,4,4,12.25486281,210000,1,1,1,3,1,1,1,1
1457,4,5,2,7,2,5,4,8,5,3,4,5,12.49312952,266500,1,1,1,3,1,1,1,1
1458,4,4,3,7,4,4,4,8,1,2,4,1,11.86446223,142125,1,2,1,3,1,1,1,1
1459,4,4,2,5,3,4,3,8,1,4,4,1,11.90158345,147500,1,1,1,3,1,1,1,1
