"","Id","MSZoning","Street","Alley","LotShape","LandContour","Utilities","LotConfig","LandSlope","Neighborhood","Condition1","Condition2","BldgType","HouseStyle","RoofStyle","RoofMatl","Exterior1st","Exterior2nd","MasVnrType","ExterQual","ExterCond","Foundation"
"1",1,4,2,3,1,4,1,5,1,6,3,3,1,6,2,2,13,13,2,4,3,3
"2",2,4,2,3,1,4,1,3,1,25,2,3,1,3,2,2,9,9,3,3,3,2
"3",3,4,2,3,2,4,1,5,1,6,3,3,1,6,2,2,13,13,2,4,3,3
"4",4,4,2,3,2,4,1,1,1,7,3,3,1,6,2,2,14,15,3,3,3,1
"5",5,4,2,3,2,4,1,3,1,14,3,3,1,6,2,2,13,13,2,4,3,3
"6",6,4,2,3,2,4,1,5,1,12,3,3,1,1,2,2,13,13,3,3,3,6
"7",7,4,2,3,1,4,1,5,1,21,3,3,1,3,2,2,13,13,4,4,3,3
"8",8,4,2,3,2,4,1,1,1,17,5,3,1,6,2,2,7,7,4,3,3,2
"9",9,5,2,3,1,4,1,5,1,18,1,3,1,1,2,2,4,15,3,3,3,1
"10",10,4,2,3,1,4,1,1,1,4,1,1,2,2,2,2,9,9,3,3,3,1
"11",11,4,2,3,1,4,1,5,1,19,3,3,1,3,4,2,7,7,3,3,3,2
"12",12,4,2,3,2,4,1,5,1,16,3,3,1,6,4,2,15,15,4,5,3,3
"13",13,4,2,3,3,4,1,5,1,19,3,3,1,3,4,2,7,10,3,3,3,2
"14",14,4,2,3,2,4,1,5,1,6,3,3,1,3,2,2,13,13,4,4,3,3
"15",15,4,2,3,2,4,1,1,1,13,3,3,1,3,4,2,9,9,2,3,3,2
"16",16,5,2,3,1,4,1,1,1,4,3,3,1,2,2,2,14,14,3,3,3,1
"17",17,4,2,3,2,4,1,2,1,13,3,3,1,3,2,2,14,14,2,3,3,2
"18",18,4,2,3,1,4,1,5,1,19,3,3,3,3,2,2,9,9,3,3,3,4
"19",19,4,2,3,1,4,1,5,1,20,6,3,1,3,2,2,13,13,3,3,3,3
"20",20,4,2,3,1,4,1,5,1,13,3,3,1,3,4,2,4,10,3,3,3,2
"21",21,4,2,3,2,4,1,1,1,16,3,3,1,6,2,2,13,13,2,4,3,3
"22",22,5,2,1,1,1,1,5,1,10,3,3,1,2,2,2,14,14,3,3,3,3
"23",23,4,2,3,1,4,1,5,1,6,3,3,1,3,4,2,13,13,2,4,3,3
"24",24,5,2,3,1,4,1,5,1,11,3,3,5,3,2,2,6,6,3,3,3,3
"25",25,4,2,3,2,4,1,5,1,19,3,3,1,3,2,2,10,10,3,3,4,2
"26",26,4,2,3,1,4,1,1,1,16,3,3,1,3,2,2,13,13,4,4,3,3
"27",27,4,2,3,1,4,1,1,1,13,3,3,1,3,2,2,14,14,3,3,3,2
"28",28,4,2,3,1,4,1,5,1,16,3,3,1,3,2,2,13,13,4,4,3,3
"29",29,4,2,3,2,4,1,2,1,13,3,3,1,3,2,2,9,9,3,3,3,2
"30",30,5,2,3,2,4,1,5,1,4,2,8,1,3,2,2,9,9,3,3,3,1
"31",31,1,2,2,1,4,1,5,1,10,2,3,1,6,3,2,4,4,3,3,2,1
"32",32,4,2,3,2,4,1,2,1,19,3,3,1,3,2,2,7,7,3,3,3,2
"33",33,4,2,3,1,4,1,1,1,6,3,3,1,3,2,2,13,13,3,4,3,3
"34",34,4,2,3,2,4,1,5,1,13,3,3,1,3,4,2,4,4,3,3,3,2
"35",35,4,2,3,1,4,1,5,1,16,3,3,5,3,4,2,9,9,2,5,3,3
"36",36,4,2,3,1,4,1,5,1,16,3,3,1,6,2,2,13,13,4,4,3,3
"37",37,4,2,3,1,4,1,1,1,6,3,3,1,3,2,2,13,13,3,3,3,3
"38",38,4,2,3,1,4,1,5,1,13,3,3,1,3,4,2,14,14,2,3,3,2
"39",39,4,2,3,1,4,1,5,1,13,3,3,1,3,2,2,13,13,3,3,4,2
"40",40,4,2,3,1,4,1,5,1,8,3,3,3,3,2,2,1,10,3,3,3,3
"41",41,4,2,3,1,4,1,5,1,13,3,3,1,3,2,2,14,14,2,3,3,2
"42",42,4,2,3,1,4,1,5,1,24,3,3,1,3,2,2,13,13,3,3,4,2
"43",43,4,2,3,2,4,1,2,1,20,3,3,1,7,2,2,7,7,3,3,3,2
"44",44,4,2,3,2,4,1,2,1,6,3,3,1,3,4,2,13,13,3,3,3,2
"45",45,4,2,3,1,4,1,5,1,13,3,3,1,3,2,2,4,14,3,3,3,2
"46",46,4,2,3,1,4,1,5,1,16,3,3,5,3,4,2,9,9,2,5,3,3
"47",47,4,2,3,2,4,1,2,1,12,3,3,1,1,2,2,13,13,3,4,3,3
"48",48,2,2,3,1,4,1,5,1,21,3,3,1,3,2,2,13,13,3,4,3,3
"49",49,5,2,3,1,4,1,5,1,18,3,3,2,6,2,2,9,9,3,3,3,1
"50",50,4,2,3,1,4,1,5,1,19,3,3,1,3,2,2,7,7,3,3,3,2
"51",51,4,2,3,3,4,1,1,1,9,3,3,1,6,2,2,13,13,3,3,3,3
"52",52,5,2,3,1,4,1,5,1,4,3,3,1,1,2,2,14,14,3,3,3,3
"53",53,5,1,3,3,1,1,1,2,10,9,3,3,3,2,2,14,14,3,2,3,2
"54",54,4,2,3,2,3,1,5,1,25,3,3,1,3,2,8,15,15,3,4,3,2
"55",55,4,2,3,1,1,1,5,2,13,3,3,1,8,2,2,9,9,3,3,3,2
"56",56,4,2,3,2,4,1,5,1,13,3,3,1,3,2,2,7,10,2,3,3,2
"57",57,2,2,2,1,4,1,5,1,21,3,3,4,6,2,2,9,9,2,4,3,3
"58",58,4,2,3,2,4,1,1,1,6,3,3,1,6,2,2,13,13,3,4,3,3
"59",59,4,2,3,3,2,1,2,1,22,3,3,1,6,4,2,13,13,2,5,3,3
"60",60,4,2,3,1,1,1,5,1,6,3,3,1,3,2,2,7,7,3,3,3,2
"61",61,4,2,3,1,4,1,5,1,20,6,3,1,3,2,2,13,13,3,3,3,3
"62",62,5,2,3,1,4,1,5,1,10,3,3,1,5,2,2,9,9,3,3,3,1
"63",63,4,2,3,2,4,1,5,1,16,3,3,5,3,2,2,13,13,4,4,3,3
"64",64,5,2,3,2,1,1,5,1,18,7,2,1,6,2,2,12,12,3,3,3,1
"65",65,4,2,3,1,4,1,5,1,6,3,3,1,6,2,2,13,13,2,3,3,3
"66",66,4,2,3,1,4,1,5,1,16,3,3,1,6,2,2,13,13,2,4,3,3
"67",67,4,2,3,1,4,1,5,1,13,4,3,1,3,2,2,10,10,2,3,3,2
"68",68,4,2,3,2,4,1,5,1,6,3,3,1,3,2,2,13,13,2,4,3,3
"69",69,5,2,3,1,4,1,1,1,18,1,3,1,3,2,2,9,9,3,3,4,2
"70",70,4,2,3,1,4,1,1,1,5,3,3,1,1,2,2,4,1,3,4,3,2
"71",71,4,2,3,2,4,1,5,1,13,3,3,1,3,2,2,10,10,2,3,4,2
"72",72,4,2,3,1,4,1,1,1,12,3,3,1,3,2,2,7,10,3,3,3,2
"73",73,4,2,3,2,4,1,1,1,9,3,3,1,6,2,2,13,13,2,3,3,3
"74",74,4,2,3,1,4,1,5,1,13,3,3,1,3,2,2,14,14,2,3,3,2
"75",75,5,2,3,1,4,1,1,1,18,3,3,1,6,3,2,13,13,3,4,4,2
"76",76,5,2,3,1,4,1,5,1,11,3,3,4,8,2,2,6,6,3,3,3,2
"77",77,4,2,3,2,4,1,5,1,13,3,3,1,3,2,2,13,13,3,3,3,2
"78",78,5,2,3,1,4,1,5,1,4,3,3,1,1,2,2,14,14,3,3,3,2
"79",79,4,2,3,1,4,1,5,1,19,3,3,3,3,4,2,7,7,3,3,3,2
"80",80,5,2,1,1,4,1,1,1,18,3,3,1,6,2,2,14,14,3,3,3,3
"81",81,4,2,3,1,4,1,1,1,13,3,3,1,6,2,2,13,13,2,3,4,2
"82",82,5,2,3,1,4,1,3,1,12,3,3,5,3,4,2,13,13,2,3,4,3
"83",83,4,2,3,1,4,1,5,1,21,3,3,1,3,2,2,13,13,4,3,3,3
"84",84,4,2,3,2,4,1,5,1,13,3,3,1,3,2,2,9,9,1,3,3,2
"85",85,4,2,3,2,4,1,5,1,9,3,3,1,8,2,2,7,7,2,3,3,3
"86",86,4,2,3,1,4,1,1,1,14,3,3,1,6,4,2,7,7,2,4,3,2
"87",87,4,2,3,3,4,1,5,1,9,3,3,1,6,2,2,13,13,3,4,3,3
"88",88,2,2,2,1,4,1,1,1,21,3,3,5,6,2,2,13,13,4,4,3,3
"89",89,1,2,3,2,4,1,1,1,10,2,2,1,1,4,2,10,10,3,2,2,2
"90",90,4,2,3,1,4,1,5,1,6,3,3,1,3,2,2,13,13,3,3,3,3
"91",91,4,2,3,1,4,1,5,1,13,3,3,1,3,2,2,4,14,3,3,3,4
"92",92,4,2,3,1,4,1,5,1,13,3,3,1,3,4,2,7,7,1,3,3,2
"93",93,4,2,1,2,2,1,5,1,7,3,3,1,3,2,2,14,14,3,3,4,1
"94",94,1,2,3,1,4,1,1,1,18,3,3,2,5,4,2,9,9,3,3,3,1
"95",95,4,2,3,2,4,1,5,1,6,3,3,1,6,2,2,13,13,3,3,4,3
"96",96,4,2,3,3,4,1,1,1,9,3,3,1,6,2,2,13,13,2,5,4,3
"97",97,4,2,3,2,4,1,5,1,6,3,3,1,3,2,2,13,13,2,4,3,3
"98",98,4,2,3,1,2,1,5,1,8,3,3,1,3,4,2,7,7,2,3,3,2
"99",99,4,2,3,1,4,1,1,1,8,3,3,1,3,2,2,14,14,3,3,3,1
"100",100,4,2,3,2,4,1,5,1,13,3,3,1,3,2,2,10,10,3,3,3,2
"101",101,4,2,3,2,4,1,5,1,17,3,3,1,3,2,2,10,10,2,3,3,3
"102",102,4,2,3,1,4,1,5,1,20,3,3,1,6,2,2,7,7,2,4,3,2
"103",103,4,2,3,1,1,1,5,1,20,3,3,3,3,2,2,7,7,3,3,2,4
"104",104,4,2,3,2,4,1,1,1,6,3,3,1,3,2,2,13,13,3,3,3,3
"105",105,5,2,3,1,4,1,1,1,10,3,3,1,1,2,2,12,12,2,3,2,3
"106",106,2,2,3,1,4,1,5,1,21,3,3,1,6,4,2,13,13,2,4,3,3
"107",107,5,2,1,1,4,1,5,1,18,3,3,1,3,5,2,13,13,3,3,3,1
"108",108,5,2,3,1,4,1,5,1,18,3,3,1,3,2,2,13,13,3,3,3,2
"109",109,5,2,3,1,4,1,1,1,10,1,3,1,1,2,2,6,6,3,3,3,2
"110",110,4,2,3,2,4,1,5,1,17,3,3,1,3,4,2,10,10,2,3,3,2
"111",111,4,2,3,1,4,1,5,1,8,3,3,1,1,2,2,14,14,3,3,3,2
"112",112,4,2,3,2,4,1,5,1,9,3,3,1,8,2,2,13,13,3,3,3,3
"113",113,4,2,3,1,4,1,5,1,6,3,3,1,6,2,2,13,13,4,4,3,3
"114",114,4,2,3,1,1,1,1,1,7,3,3,1,3,4,2,14,14,2,3,4,2
"115",115,4,2,3,2,4,1,5,2,7,3,3,1,6,3,2,14,14,3,3,3,2
"116",116,2,2,2,1,4,1,1,1,21,3,3,5,6,2,2,9,9,2,3,3,3
"117",117,4,2,3,1,4,1,5,1,19,3,3,1,3,2,2,14,14,2,3,3,2
"118",118,4,2,3,1,4,1,1,1,8,3,3,1,3,2,2,13,13,3,3,3,3
"119",119,4,2,3,1,4,1,1,1,20,3,3,1,6,4,2,10,10,3,3,3,3
"120",120,4,2,3,1,4,1,5,1,6,3,3,1,6,2,2,13,13,3,4,3,3
"121",121,4,2,3,2,3,1,2,3,5,3,3,1,8,1,4,10,10,3,3,3,2
"122",122,5,2,3,1,4,1,5,1,10,3,3,1,1,2,2,1,1,3,3,3,3
"123",123,4,2,3,1,4,1,1,1,13,3,3,1,3,4,2,9,9,2,3,4,2
"124",124,4,2,3,1,4,1,5,1,20,3,3,5,3,2,2,10,10,3,4,3,3
"125",125,4,2,3,2,4,1,2,1,17,3,3,1,3,2,2,7,7,3,3,4,2
"126",126,5,2,3,1,4,1,5,1,10,3,3,2,1,2,2,14,14,3,3,2,2
"127",127,4,2,3,2,4,1,5,1,15,3,3,5,3,2,2,10,10,3,3,3,2
"128",128,5,2,3,2,1,1,5,1,18,2,3,1,2,2,2,15,14,3,3,4,1
"129",129,4,2,3,1,4,1,5,1,13,5,3,1,6,2,2,13,13,2,3,3,2
"130",130,4,2,3,1,4,1,5,1,13,3,3,1,3,2,2,10,10,2,3,3,2
"131",131,4,2,3,1,4,1,1,1,13,3,3,1,6,2,2,9,9,2,3,3,2
"132",132,4,2,3,2,4,1,1,1,9,3,3,1,6,2,2,13,13,2,4,3,3
"133",133,4,2,3,1,4,1,1,1,13,3,3,1,3,2,2,9,9,3,3,3,2
"134",134,4,2,3,2,4,1,5,1,24,3,3,1,3,2,2,13,13,2,4,3,3
"135",135,4,2,3,2,4,1,5,1,19,3,3,1,3,2,2,10,10,3,3,3,2
"136",136,4,2,3,1,4,1,5,1,17,3,3,1,3,4,2,10,10,2,3,3,3
"137",137,4,2,3,2,4,1,1,1,13,3,3,1,3,2,2,9,9,2,3,3,2
"138",138,4,2,3,1,4,1,5,1,12,3,3,3,3,2,2,13,13,2,3,3,2
"139",139,4,2,3,2,4,1,5,1,6,3,3,1,6,2,2,13,13,2,4,3,3
"140",140,4,2,3,2,4,1,5,1,6,3,3,1,6,2,2,13,13,3,3,3,3
"141",141,4,2,3,1,4,1,3,1,13,3,3,1,3,2,2,7,7,3,3,3,2
"142",142,4,2,3,1,4,1,5,1,6,3,3,1,3,2,2,13,13,3,4,3,3
"143",143,4,2,3,1,4,1,1,1,13,1,3,1,1,2,2,4,14,3,3,2,2
"144",144,4,2,3,2,4,1,5,1,6,3,3,1,3,2,2,13,13,2,4,3,3
"145",145,5,2,3,1,4,1,5,1,19,6,3,3,3,2,2,7,7,2,3,3,2
"146",146,5,2,3,1,4,1,5,1,8,3,3,4,6,2,2,13,13,4,4,3,3
"147",147,5,2,3,1,4,1,1,1,4,3,3,1,3,2,2,14,14,3,3,3,1
"148",148,4,2,3,2,4,1,2,1,9,3,3,1,6,2,2,13,13,2,4,3,3
"149",149,4,2,3,1,4,1,5,1,20,3,3,1,3,2,2,13,13,2,3,3,3
"150",150,5,2,3,1,4,1,5,1,4,3,3,1,1,2,2,9,9,3,3,3,1
"151",151,4,2,3,1,4,1,1,1,6,3,3,1,3,2,2,7,7,3,3,3,2
"152",152,4,2,3,1,4,1,5,1,16,3,3,1,3,4,2,13,13,4,4,3,3
"153",153,4,2,3,2,4,1,2,1,17,3,3,1,6,2,2,7,7,2,3,3,2
"154",154,4,2,3,1,4,1,5,1,5,3,3,1,3,1,2,4,10,3,3,3,2
"155",155,5,2,3,1,4,1,1,1,18,3,3,1,3,2,2,14,14,3,3,3,1
"156",156,4,2,3,1,4,1,1,1,8,1,3,1,1,2,2,14,14,3,3,3,1
"157",157,4,2,3,1,4,1,5,1,13,3,3,1,3,4,2,14,14,3,3,3,2
"158",158,4,2,3,1,4,1,1,1,24,3,3,1,6,2,2,13,13,2,4,3,3
"159",159,2,2,3,1,4,1,1,1,21,3,3,1,6,2,2,13,13,3,4,3,3
"160",160,4,2,3,2,2,1,1,1,9,3,3,1,6,2,2,13,13,2,4,3,3
"161",161,4,2,3,2,4,1,2,1,25,3,3,1,3,2,2,10,10,3,3,3,3
"162",162,4,2,3,2,4,1,5,1,16,3,3,1,6,2,2,13,13,2,4,3,3
"163",163,4,2,3,1,4,1,1,1,16,3,3,1,3,2,2,13,13,2,4,3,3
"164",164,4,2,3,1,4,1,5,1,18,3,3,1,2,2,2,9,9,3,3,3,2
"165",165,5,2,2,1,4,1,1,1,18,3,3,1,3,2,2,9,9,3,3,4,1
"166",166,4,2,3,1,4,1,5,1,8,3,3,2,1,2,2,14,14,3,3,4,1
"167",167,4,2,3,2,4,1,5,1,5,3,3,1,3,4,2,14,14,3,4,3,2
"168",168,4,2,3,1,4,1,5,1,16,3,3,1,6,2,2,13,13,4,4,3,3
"169",169,4,2,3,2,4,1,5,1,9,3,3,1,6,2,2,13,13,3,4,3,3
"170",170,4,2,3,2,4,1,1,1,24,3,3,1,3,4,7,10,10,2,4,3,2
"171",171,5,2,3,2,4,1,5,1,18,2,3,1,1,2,2,9,9,3,3,3,2
"172",172,4,2,3,2,4,1,1,1,13,3,3,1,3,4,2,4,10,4,3,3,2
"173",173,4,2,3,2,4,1,5,1,22,3,3,5,6,2,2,7,7,3,4,4,3
"174",174,4,2,3,2,4,1,5,1,13,3,3,1,3,2,2,15,15,1,3,3,2
"175",175,4,2,3,2,4,1,5,1,24,3,3,1,3,2,2,13,10,4,3,3,2
"176",176,4,2,3,1,4,1,1,1,8,3,3,1,3,2,2,15,15,3,3,3,2
"177",177,4,2,3,2,4,1,1,1,5,3,3,1,6,2,2,10,10,2,4,3,3
"178",178,4,2,3,1,4,1,5,1,19,3,3,1,1,2,2,9,9,3,4,4,2
"179",179,4,2,3,2,4,1,2,1,22,3,3,1,3,4,2,13,13,4,5,3,3
"180",180,5,2,3,1,4,1,5,1,18,3,3,1,3,2,2,14,14,3,4,3,2
"181",181,2,2,3,1,4,1,5,1,21,3,3,4,6,2,2,9,9,2,4,3,3
"182",182,4,2,3,1,4,1,5,1,7,3,3,1,6,2,2,12,12,3,3,3,1
"183",183,4,2,3,1,4,1,5,1,8,1,3,1,3,4,2,14,14,2,3,3,3
"184",184,5,2,3,1,4,1,5,1,18,3,3,1,1,2,2,13,13,3,3,3,3
"185",185,4,2,3,2,4,1,5,1,4,7,2,1,1,2,2,1,10,3,3,3,3
"186",186,5,2,3,3,4,1,5,1,18,1,3,1,4,2,8,14,14,3,4,4,1
"187",187,4,2,3,2,4,1,2,1,12,3,3,1,8,2,2,7,7,3,3,3,3
"188",188,4,2,3,1,4,1,5,1,18,3,3,1,1,2,2,7,7,3,3,3,2
"189",189,4,2,3,1,1,1,5,1,20,2,3,3,7,2,2,10,10,4,3,3,2
"190",190,4,2,3,1,4,1,5,1,22,3,3,5,3,2,2,6,6,3,4,3,3
"191",191,4,2,3,1,1,1,5,2,7,3,3,1,6,4,2,4,4,3,4,3,2
"192",192,4,2,3,2,4,1,2,1,13,3,3,1,6,2,2,7,7,2,3,3,2
"193",193,4,2,3,2,4,1,5,1,6,3,3,1,3,2,2,13,13,3,4,3,3
"194",194,5,2,3,1,4,1,5,1,8,3,3,4,6,2,2,13,13,4,4,3,3
"195",195,4,2,3,2,4,1,5,1,6,3,3,1,3,4,2,7,7,3,3,3,2
"196",196,4,2,3,1,4,1,3,1,15,3,3,4,6,2,2,10,3,3,3,3,2
"197",197,4,2,3,1,4,1,5,1,21,3,3,1,3,4,2,6,6,4,5,3,3
"198",198,4,2,3,1,4,1,1,1,13,1,3,1,6,2,2,12,12,3,4,4,3
"199",199,5,2,3,1,4,1,1,1,18,3,3,1,4,2,2,14,14,3,3,3,2
"200",200,4,2,3,1,4,1,5,1,16,3,3,1,3,4,2,13,13,2,4,3,3
"201",201,5,2,3,1,4,1,1,1,8,3,3,1,3,2,2,13,13,3,3,3,3
"202",202,4,2,3,1,4,1,5,1,12,3,3,1,3,2,2,10,10,3,3,3,2
"203",203,4,2,3,1,4,1,1,1,18,1,3,1,1,2,2,9,9,3,3,4,1
"204",204,5,2,3,1,4,1,5,1,6,3,3,5,3,2,2,13,13,2,4,3,3
"205",205,5,2,1,1,4,1,5,1,18,3,3,1,1,2,2,1,1,3,3,3,2
"206",206,4,2,3,1,4,1,1,1,9,3,3,1,3,2,2,7,7,3,3,3,3
"207",207,4,2,3,2,4,1,2,1,19,6,3,1,3,2,2,7,7,3,3,4,2
"208",208,4,2,3,2,4,1,5,1,13,3,3,1,3,2,2,14,14,3,3,3,3
"209",209,4,2,3,2,3,1,5,2,20,3,3,1,6,2,2,10,10,2,4,3,2
"210",210,4,2,3,1,4,1,5,1,13,3,3,1,3,4,2,7,7,4,3,3,2
"211",211,4,2,3,1,4,1,5,1,8,3,3,1,3,2,2,12,12,3,3,3,2
"212",212,4,2,3,1,4,1,1,1,8,3,3,1,3,2,2,13,13,3,3,3,3
"213",213,2,2,3,1,4,1,5,1,21,3,3,1,6,2,2,13,13,3,3,3,3
"214",214,4,2,3,3,4,1,2,1,6,3,3,1,3,2,2,13,13,3,3,3,3
"215",215,4,2,3,2,4,1,3,1,6,3,3,1,6,2,2,7,7,2,3,3,2
"216",216,4,2,3,2,4,1,5,1,13,3,3,1,3,2,2,7,7,2,3,3,2
"217",217,4,2,3,1,4,1,5,1,6,3,3,1,3,2,2,13,13,2,4,3,3
"218",218,5,2,1,1,4,1,5,1,18,3,3,1,6,2,2,9,9,3,3,3,2
"219",219,4,2,3,2,4,1,1,1,7,3,3,1,1,2,2,13,13,2,4,4,2
"220",220,4,2,3,1,4,1,5,1,1,3,3,5,3,2,2,13,13,2,4,3,3
"221",221,4,2,3,2,4,1,5,1,6,3,3,1,3,2,2,13,13,3,4,3,3
"222",222,4,2,3,2,4,1,5,1,9,3,3,1,6,2,2,13,13,3,4,3,3
"223",223,4,2,3,1,4,1,5,1,17,7,3,1,6,2,2,13,13,3,3,3,2
"224",224,4,2,3,1,4,1,3,1,13,3,3,1,3,2,2,7,7,3,3,3,2
"225",225,4,2,3,1,4,1,5,1,16,3,3,1,3,4,2,13,13,2,5,3,3
"226",226,5,2,3,1,4,1,5,1,3,3,3,4,6,2,2,7,7,2,3,3,2
"227",227,4,2,3,2,4,1,5,1,14,3,3,1,6,2,2,13,13,2,4,3,3
"228",228,5,2,3,1,4,1,5,1,3,3,3,4,6,2,2,7,7,2,3,3,2
"229",229,4,2,3,1,4,1,3,1,19,2,3,1,3,2,2,7,7,3,3,3,2
"230",230,4,2,3,1,4,1,5,1,1,3,3,5,3,2,2,13,13,2,4,3,3
"231",231,4,2,3,1,4,1,5,1,13,3,3,1,3,4,2,9,9,2,3,3,2
"232",232,4,2,3,2,4,1,5,1,14,3,3,1,6,2,2,13,13,2,4,3,3
"233",233,5,2,3,1,4,1,5,1,3,3,3,4,6,2,2,7,7,2,3,3,2
"234",234,4,2,3,1,4,1,1,1,6,3,3,1,3,2,2,7,7,3,3,3,2
"235",235,4,2,3,1,4,1,5,1,9,3,3,1,6,2,2,13,13,3,4,3,3
"236",236,5,2,3,1,4,1,5,1,3,3,3,5,6,2,2,7,7,2,3,3,2
"237",237,4,2,3,1,4,1,3,1,6,3,3,1,3,2,2,13,13,2,4,3,3
"238",238,4,2,3,2,4,1,2,1,20,8,3,1,6,2,2,7,7,3,4,3,3
"239",239,4,2,3,1,4,1,5,1,16,3,3,1,3,4,2,13,13,2,5,3,3
"240",240,4,2,3,1,4,1,5,1,8,3,3,1,1,2,2,13,13,3,3,3,2
"241",241,2,2,3,1,4,1,5,1,21,3,3,1,3,2,2,13,13,4,4,3,3
"242",242,5,2,3,1,4,1,5,1,18,3,3,1,3,2,2,13,13,3,3,4,2
"243",243,5,2,3,1,4,1,1,1,18,3,3,1,1,2,2,14,14,3,3,3,1
"244",244,4,2,3,1,4,1,1,1,20,3,3,5,6,2,2,10,10,3,3,3,2
"245",245,4,2,3,2,4,1,5,1,20,3,3,1,6,2,2,13,13,3,4,3,3
"246",246,4,2,3,1,4,1,5,1,17,3,3,1,3,2,2,14,14,2,3,3,2
"247",247,5,2,1,1,4,1,5,1,18,3,3,2,6,2,2,1,1,3,3,2,5
"248",248,4,2,3,1,4,1,5,1,13,3,3,1,3,4,2,14,4,3,3,3,2
"249",249,4,2,3,1,4,1,5,1,6,3,3,1,6,2,2,13,13,2,4,3,3
"250",250,4,2,3,3,3,1,2,3,5,3,3,1,1,2,2,14,7,1,4,3,2
"251",251,4,2,3,2,4,1,5,1,4,3,3,1,3,2,2,14,10,3,3,1,2
"252",252,5,2,3,2,2,1,5,2,7,3,3,5,3,4,2,13,13,4,4,3,3
"253",253,4,2,3,2,4,1,5,1,20,3,3,1,6,2,2,13,13,3,4,3,3
"254",254,4,2,3,1,4,1,5,1,13,3,3,1,8,4,2,7,7,2,3,3,2
"255",255,4,2,3,1,4,1,5,1,13,3,3,1,3,2,2,9,9,3,3,4,2
"256",256,4,2,3,2,4,1,5,1,9,3,3,1,6,2,2,13,13,2,4,3,3
"257",257,2,2,3,2,4,1,5,1,21,3,3,1,6,2,2,13,13,3,4,3,3
"258",258,4,2,3,1,4,1,5,1,6,3,3,1,3,2,2,13,13,4,4,3,3
"259",259,4,2,3,1,4,1,5,1,6,3,3,1,6,2,2,13,13,2,4,3,3
"260",260,5,2,3,1,4,1,5,1,18,3,3,1,3,2,2,4,4,3,3,3,3
"261",261,4,2,3,1,4,1,1,1,13,1,3,1,8,2,2,14,14,2,3,3,2
"262",262,4,2,3,2,4,1,5,1,6,3,3,1,6,2,2,6,6,4,4,3,3
"263",263,4,2,3,2,4,1,1,1,19,3,3,1,8,2,2,7,10,2,3,3,2
"264",264,5,2,3,1,4,1,1,1,18,3,3,1,1,2,2,14,14,3,3,3,1
"265",265,5,2,1,4,1,1,5,1,18,1,3,1,3,2,2,14,14,3,3,3,1
"266",266,4,2,3,2,4,1,5,1,17,3,3,1,3,2,2,9,9,2,3,4,2
"267",267,4,2,3,2,2,1,3,1,9,3,3,1,6,2,2,13,13,3,3,3,3
"268",268,4,2,3,1,1,1,5,2,23,3,3,1,4,2,2,14,14,3,3,3,3
"269",269,5,2,3,1,4,1,5,1,10,3,3,1,3,2,2,13,13,3,3,3,2
"270",270,4,2,3,2,4,1,1,1,8,3,3,1,3,4,2,7,7,2,3,4,2
"271",271,2,2,3,1,4,1,5,1,21,3,3,1,6,2,2,13,13,3,4,3,3
"272",272,4,2,3,2,3,1,2,3,5,3,3,1,3,1,3,10,10,3,3,3,2
"273",273,4,2,3,2,4,1,2,1,14,3,3,1,6,2,2,13,13,2,4,3,3
"274",274,4,2,3,1,4,1,5,1,13,2,3,1,3,4,2,14,14,1,3,3,2
"275",275,4,2,3,1,4,1,1,1,12,3,3,1,3,2,2,7,8,3,3,3,2
"276",276,4,2,3,1,4,1,5,1,4,3,3,1,1,2,2,14,14,3,4,4,1
"277",277,4,2,3,2,4,1,5,1,12,3,3,1,3,2,2,13,13,3,4,3,3
"278",278,4,2,3,1,4,1,1,1,9,3,3,1,3,2,2,13,13,3,3,3,2
"279",279,4,2,3,1,4,1,5,1,16,3,3,1,3,2,2,6,6,2,5,3,3
"280",280,4,2,3,1,4,1,5,1,5,3,3,1,6,4,2,10,10,2,3,3,2
"281",281,4,2,3,1,4,1,5,1,20,3,3,1,6,2,2,10,10,2,4,3,2
"282",282,2,2,2,1,4,1,5,1,21,3,3,1,3,2,2,13,13,4,4,3,3
"283",283,4,2,3,1,4,1,5,1,16,3,3,4,3,2,2,13,13,4,4,3,3
"284",284,4,2,3,1,4,1,5,1,21,2,3,1,3,2,2,13,13,4,4,3,3
"285",285,4,2,3,1,4,1,5,1,20,3,3,5,3,2,2,10,8,3,4,3,3
"286",286,2,2,2,2,4,1,5,1,21,3,3,5,6,2,2,9,9,3,4,3,3
"287",287,4,2,3,2,1,1,5,1,13,3,3,1,1,2,2,14,14,3,3,3,2
"288",288,4,2,3,2,4,1,1,1,13,3,3,1,3,2,2,7,7,3,3,3,2
"289",289,4,2,3,2,4,1,5,1,19,3,3,1,3,2,2,9,9,2,3,4,2
"290",290,4,2,3,1,4,1,5,1,4,7,3,1,6,2,2,14,14,3,3,3,1
"291",291,4,2,3,1,4,1,5,1,6,3,3,1,6,2,2,13,13,3,4,3,3
"292",292,4,2,1,1,1,1,5,1,23,3,3,2,6,2,2,13,13,3,3,2,3
"293",293,4,2,3,1,4,1,5,1,8,3,3,1,1,2,2,14,14,3,3,3,2
"294",294,4,2,3,2,4,1,1,1,17,4,3,1,6,2,2,10,10,2,3,3,2
"295",295,4,2,3,1,4,1,5,1,13,3,3,1,3,4,2,7,7,4,3,3,2
"296",296,4,2,3,2,4,1,2,1,12,3,3,1,8,2,2,7,7,3,3,3,2
"297",297,5,2,3,1,4,1,5,1,10,3,3,1,1,2,2,14,14,3,3,3,2
"298",298,2,2,2,2,4,1,5,1,21,3,3,1,6,4,2,13,13,2,4,3,3
"299",299,4,2,3,1,4,1,5,1,17,3,3,1,6,5,2,7,2,2,4,3,2
"300",300,4,2,3,1,4,1,5,1,7,3,3,1,3,2,2,7,7,3,3,4,2
"301",301,4,2,3,1,4,1,1,1,7,3,3,2,3,4,2,9,9,2,3,3,2
"302",302,4,2,3,4,4,1,5,1,6,3,3,1,6,2,2,13,13,3,4,3,3
"303",303,4,2,3,2,4,1,1,1,6,3,3,1,3,2,2,13,13,2,4,3,3
"304",304,4,2,3,1,4,1,1,1,6,3,3,1,3,2,2,13,13,3,3,3,3
"305",305,5,2,3,1,4,1,5,1,18,3,3,1,4,2,2,6,6,3,3,3,1
"306",306,4,2,3,1,4,1,5,1,6,3,3,1,3,2,2,6,6,4,4,3,3
"307",307,4,2,3,1,4,1,5,1,20,2,3,1,6,2,2,7,10,2,4,3,2
"308",308,5,2,1,2,4,1,5,1,10,1,3,1,1,2,2,9,9,3,3,2,2
"309",309,4,2,3,2,4,1,5,1,8,3,3,1,3,2,2,13,13,3,3,3,2
"310",310,4,2,3,2,4,1,5,1,16,3,3,1,3,2,2,13,13,3,4,3,3
"311",311,4,2,3,2,4,1,5,1,9,3,3,1,6,2,2,7,7,2,3,3,3
"312",312,4,2,3,1,4,1,5,1,13,3,3,1,3,2,2,13,13,3,3,4,2
"313",313,5,2,3,1,4,1,5,1,18,1,3,2,1,2,2,9,9,3,3,3,2
"314",314,4,2,3,4,3,1,5,3,24,3,3,1,3,4,2,4,4,3,3,3,2
"315",315,5,2,1,1,4,1,5,1,18,3,3,1,6,2,2,14,14,3,3,3,1
"316",316,4,2,3,2,4,1,5,1,9,3,3,1,6,2,2,13,13,3,4,3,3
"317",317,4,2,3,2,4,1,1,1,17,3,3,1,6,2,2,6,6,2,4,3,2
"318",318,2,2,3,1,4,1,5,1,21,3,3,1,6,2,2,13,13,3,4,3,3
"319",319,4,2,3,1,3,1,5,2,14,3,3,1,6,2,2,7,7,2,4,3,3
"320",320,4,2,3,1,4,1,5,1,17,3,3,1,8,2,2,10,10,2,3,3,2
"321",321,4,2,3,1,4,1,1,1,16,3,3,1,6,2,2,13,13,4,3,3,3
"322",322,4,2,3,2,4,1,5,1,16,3,3,1,6,2,2,13,13,2,4,3,3
"323",323,4,2,3,2,4,1,5,1,20,3,3,1,6,2,2,10,10,2,4,3,2
"324",324,5,2,3,1,4,1,5,1,18,3,3,1,3,2,2,13,13,3,3,4,2
"325",325,4,2,3,1,4,1,1,1,13,5,3,1,8,5,7,14,14,2,4,4,2
"326",326,5,2,3,1,4,1,5,1,10,6,3,1,2,2,2,9,9,3,3,3,2
"327",327,4,2,3,2,4,1,2,1,25,3,3,5,3,2,2,4,4,3,4,3,3
"328",328,4,2,3,1,4,1,5,1,13,3,3,1,3,4,2,14,14,2,3,3,2
"329",329,4,2,2,2,1,1,5,1,4,5,3,1,5,2,2,14,15,3,3,3,1
"330",330,5,2,3,1,4,1,1,1,10,3,3,1,6,2,2,14,15,3,3,3,3
"331",331,4,2,3,2,4,1,5,1,13,3,3,3,3,2,2,7,7,2,3,3,2
"332",332,4,2,3,1,4,1,5,1,13,3,3,1,3,2,2,14,14,3,3,3,2
"333",333,4,2,3,2,4,1,5,1,16,3,3,1,3,2,2,13,13,2,4,3,3
"334",334,5,2,3,1,4,1,4,1,16,3,3,5,3,2,2,13,13,4,4,3,3
"335",335,4,2,3,2,4,1,5,1,9,3,3,1,6,2,2,13,13,3,3,3,3
"336",336,4,1,3,2,2,1,1,3,24,3,3,2,1,2,2,10,10,3,3,3,2
"337",337,4,2,3,2,2,1,1,1,22,3,3,1,3,4,2,13,13,4,4,3,3
"338",338,4,2,3,1,4,1,5,1,6,3,3,1,3,2,2,13,13,2,4,3,3
"339",339,4,2,3,1,4,1,1,1,17,3,3,1,3,2,2,14,14,3,4,3,2
"340",340,4,2,3,2,4,1,5,1,13,2,3,1,3,4,2,14,14,2,3,3,2
"341",341,4,2,3,1,4,1,5,1,24,3,3,1,6,2,2,13,13,3,4,3,3
"342",342,3,2,3,1,4,1,5,1,20,2,3,1,3,2,2,14,1,3,2,2,2
"343",343,4,2,3,1,4,1,5,1,13,3,3,3,3,2,2,12,12,2,3,3,4
"344",344,4,2,3,2,4,1,5,1,16,3,3,5,3,4,2,9,9,2,5,3,3
"345",345,5,2,3,1,4,1,5,1,11,3,3,5,6,2,2,6,6,3,3,3,2
"346",346,4,2,3,1,4,1,5,1,4,7,3,1,1,2,2,9,9,3,3,3,1
"347",347,4,2,3,2,4,1,2,1,13,3,3,1,3,4,2,9,9,3,3,4,2
"348",348,4,2,3,2,4,1,5,1,13,3,3,1,3,2,2,14,14,2,3,3,2
"349",349,4,2,3,1,4,1,5,1,16,3,3,4,6,2,2,13,15,4,4,3,3
"350",350,4,2,3,3,4,1,5,1,16,3,3,1,6,4,2,6,6,2,5,3,3
"351",351,4,2,3,2,4,1,5,1,16,3,3,5,3,4,2,9,9,2,5,3,3
"352",352,4,2,3,2,3,1,5,2,5,3,3,1,3,2,2,14,14,3,3,3,3
"353",353,4,2,3,1,4,1,5,1,8,1,3,1,1,2,2,13,13,3,3,3,2
"354",354,5,2,3,1,4,1,5,1,18,3,3,1,3,2,2,13,13,3,3,4,1
"355",355,4,2,3,1,1,1,5,1,23,3,3,1,1,2,2,14,9,3,3,3,2
"356",356,4,2,3,3,4,1,5,1,6,3,3,1,3,2,2,13,13,3,4,4,3
"357",357,4,2,3,2,4,1,5,1,9,3,3,1,3,2,2,7,7,2,3,3,3
"358",358,5,2,3,1,4,1,5,1,11,3,3,5,3,2,2,6,6,3,3,3,3
"359",359,4,2,3,2,4,1,5,1,5,3,3,1,8,4,2,14,8,2,3,3,2
"360",360,4,2,3,2,4,1,2,1,14,3,3,1,6,2,2,13,13,2,4,3,3
"361",361,4,2,3,2,4,1,2,1,12,3,3,1,7,2,2,13,13,3,3,3,2
"362",362,4,2,2,1,4,1,5,1,4,3,3,1,1,2,2,9,9,3,3,3,2
"363",363,4,2,3,1,4,1,1,1,8,3,3,1,7,2,2,7,7,2,4,3,4
"364",364,5,2,3,1,4,1,5,1,3,3,3,4,6,2,2,7,7,2,3,3,2
"365",365,4,2,3,2,4,1,3,1,17,3,3,1,6,2,2,7,7,2,3,3,3
"366",366,5,2,3,1,4,1,5,1,10,3,3,1,6,4,2,13,13,3,3,4,2
"367",367,4,2,3,2,4,1,5,1,13,3,3,1,3,2,2,10,10,2,3,3,2
"368",368,4,2,3,2,4,1,1,1,13,3,3,1,8,2,6,10,10,2,3,3,2
"369",369,4,2,3,1,4,1,5,1,13,3,3,1,3,2,2,7,7,2,3,3,3
"370",370,4,2,3,2,4,1,1,1,13,3,3,1,3,2,2,14,14,3,3,4,2
"371",371,4,2,3,2,4,1,5,1,9,3,3,1,6,2,2,13,13,3,3,3,3
"372",372,4,2,3,1,4,1,5,1,5,2,3,1,1,2,2,15,10,3,3,3,2
"373",373,4,2,3,1,4,1,5,1,20,3,3,5,3,2,2,10,10,3,3,3,2
"374",374,4,2,3,1,4,1,5,1,13,3,3,1,3,2,2,9,9,3,3,3,3
"375",375,4,2,3,1,4,1,5,1,6,3,3,1,6,2,2,13,13,3,4,3,3
"376",376,4,2,3,2,3,1,5,3,8,3,3,1,3,2,2,14,14,3,2,2,1
"377",377,4,2,3,2,4,1,2,1,6,3,3,1,7,2,2,13,13,3,4,3,3
"378",378,2,2,3,2,4,1,1,1,21,3,3,1,6,2,2,6,6,3,4,3,3
"379",379,4,2,3,1,4,1,1,1,22,3,3,1,3,4,2,13,13,4,4,3,3
"380",380,4,2,3,2,4,1,5,1,9,7,3,1,6,2,2,13,13,2,3,3,3
"381",381,4,2,2,1,4,1,5,1,23,3,3,1,1,2,2,4,14,3,3,3,1
"382",382,2,2,2,1,4,1,5,1,21,3,3,1,3,2,2,13,13,3,4,3,3
"383",383,4,2,3,2,4,1,5,1,6,3,3,1,6,2,2,13,13,3,4,3,3
"384",384,3,2,3,1,4,1,1,1,20,3,3,1,2,2,2,14,14,3,3,3,1
"385",385,4,2,3,3,3,1,1,2,5,2,3,1,6,2,2,7,7,3,4,3,3
"386",386,4,2,3,1,4,1,5,1,1,3,3,5,3,2,2,13,13,2,4,3,3
"387",387,4,2,3,1,4,1,3,1,8,2,3,1,1,3,2,14,13,3,3,2,3
"388",388,4,2,3,1,4,1,5,1,8,3,3,1,8,4,2,9,9,2,3,3,2
"389",389,4,2,3,2,4,1,2,1,6,3,3,1,3,2,2,13,13,2,4,3,3
"390",390,4,2,3,1,4,1,5,1,16,3,3,1,6,2,2,13,13,4,5,3,3
"391",391,4,2,1,1,4,1,5,1,8,3,3,1,1,2,2,9,9,3,3,3,1
"392",392,4,2,3,2,4,1,2,1,12,3,3,1,6,2,2,13,13,3,3,3,3
"393",393,4,2,3,2,4,1,5,1,13,3,3,1,3,2,2,9,9,3,3,3,4
"394",394,4,2,3,1,4,1,1,1,4,2,3,1,3,2,2,15,15,3,3,3,2
"395",395,4,2,3,1,4,1,5,1,18,3,3,1,1,2,2,9,9,3,3,3,2
"396",396,4,2,3,1,4,1,5,1,8,3,3,1,3,2,2,14,14,3,3,3,2
"397",397,4,2,3,1,3,1,5,1,6,3,3,1,3,4,2,9,9,3,3,3,2
"398",398,4,2,3,1,4,1,5,1,13,5,3,1,6,2,2,13,13,2,3,3,2
"399",399,5,2,3,1,4,1,1,1,10,3,3,1,3,2,2,9,9,3,3,2,1
"400",400,2,2,3,1,4,1,5,1,21,3,3,1,6,2,2,6,6,4,4,3,3
"401",401,4,2,3,3,4,1,5,1,25,3,3,5,3,2,2,4,4,3,4,3,3
"402",402,4,2,3,2,4,1,5,1,6,3,3,1,3,2,2,13,13,3,4,3,3
"403",403,4,2,3,1,4,1,5,1,19,3,3,1,3,2,2,14,14,3,3,3,3
"404",404,4,2,3,1,4,1,1,1,14,3,3,1,6,4,2,13,13,2,4,3,3
"405",405,4,2,3,2,4,1,5,1,9,3,3,1,6,2,2,9,9,3,3,3,3
"406",406,4,2,3,2,4,1,1,1,19,2,3,1,3,2,2,10,10,3,3,3,2
"407",407,4,2,3,1,4,1,5,1,23,3,3,1,1,2,2,9,9,3,3,3,1
"408",408,4,2,3,1,4,1,5,1,7,3,3,1,6,2,2,14,10,3,3,3,1
"409",409,4,2,3,1,4,1,1,1,16,3,3,1,6,2,2,13,13,2,4,3,3
"410",410,2,2,3,1,4,1,5,1,21,3,3,1,6,2,2,13,13,4,4,3,3
"411",411,4,2,3,1,4,1,5,1,8,3,3,1,3,2,2,3,3,3,3,2,2
"412",412,4,2,3,1,1,1,5,1,9,3,3,2,3,4,2,14,14,3,3,3,2
"413",413,2,2,3,3,4,1,5,1,21,3,3,1,3,2,2,9,9,4,5,3,3
"414",414,5,2,1,1,4,1,5,1,18,1,3,1,3,2,2,15,15,3,3,3,2
"415",415,4,2,3,3,4,1,2,1,20,3,3,1,6,2,2,13,13,3,4,3,3
"416",416,4,2,3,2,4,1,5,1,9,3,3,1,3,2,2,13,13,3,4,3,3
"417",417,4,2,3,1,4,1,5,1,19,3,3,1,6,4,2,7,7,2,3,3,2
"418",418,4,2,3,2,4,1,5,1,7,2,3,1,6,4,2,14,12,3,3,3,1
"419",419,4,2,3,1,4,1,5,1,8,3,3,1,1,2,2,9,9,3,3,3,1
"420",420,4,2,3,1,4,1,5,1,13,3,3,1,3,2,2,13,13,3,3,3,2
"421",421,5,2,3,1,4,1,5,1,12,3,3,3,7,2,2,13,13,2,3,4,3
"422",422,4,2,3,2,4,1,3,1,17,3,3,1,3,2,2,6,6,4,4,3,2
"423",423,4,2,3,1,2,1,5,2,12,1,3,1,3,4,2,7,7,3,3,3,2
"424",424,4,2,3,1,4,1,5,1,14,3,3,1,6,2,2,13,13,2,4,3,3
"425",425,4,2,3,1,4,1,5,1,13,3,3,1,3,2,2,14,14,2,3,3,2
"426",426,5,2,1,1,2,1,5,1,18,3,3,1,6,2,2,7,7,3,3,4,2
"427",427,4,2,3,1,3,1,5,2,20,3,3,1,8,2,2,14,14,2,4,3,3
"428",428,4,2,3,2,4,1,5,1,13,3,3,1,3,4,2,9,9,3,3,3,2
"429",429,4,2,3,1,4,1,5,1,6,3,3,1,3,2,2,13,13,2,4,3,3
"430",430,4,2,3,2,4,1,1,1,24,3,3,1,3,2,2,7,7,3,3,3,2
"431",431,5,2,3,1,4,1,5,1,3,3,3,4,6,2,2,7,7,2,3,3,2
"432",432,5,2,3,2,1,1,5,1,18,2,3,1,1,2,2,9,9,3,3,3,1
"433",433,5,2,3,1,4,1,5,1,3,3,3,5,6,2,2,7,7,2,3,3,2
"434",434,4,2,3,2,4,1,1,1,9,3,3,1,6,2,2,13,13,3,3,3,3
"435",435,5,2,3,1,4,1,5,1,11,3,3,4,7,2,2,6,6,3,3,4,2
"436",436,4,2,3,3,4,1,2,1,6,5,3,1,6,2,2,13,13,3,4,3,3
"437",437,5,2,3,1,4,1,5,1,18,3,3,1,1,2,2,12,12,3,3,3,1
"438",438,5,2,3,1,4,1,5,1,4,3,3,1,2,2,2,14,14,3,4,3,3
"439",439,4,2,3,1,4,1,5,1,7,3,3,1,3,2,2,15,12,3,3,3,3
"440",440,4,2,1,1,4,1,1,1,8,3,3,1,1,2,2,14,14,3,3,3,1
"441",441,4,2,3,1,4,1,5,1,16,3,3,1,3,4,2,13,13,4,5,3,3
"442",442,4,2,3,1,4,1,5,1,8,3,3,3,3,2,2,13,13,2,3,3,2
"443",443,5,2,3,1,4,1,5,1,4,3,3,1,1,2,2,9,9,3,3,3,3
"444",444,4,2,3,1,4,1,5,1,1,3,3,5,3,2,2,15,15,2,4,3,3
"445",445,4,2,3,1,4,1,5,1,6,3,3,1,6,2,2,13,13,3,4,4,3
"446",446,4,2,3,1,4,1,1,1,8,3,3,1,3,4,2,14,14,3,3,3,2
"447",447,4,2,3,2,4,1,1,1,13,4,3,1,3,2,2,4,10,3,4,3,2
"448",448,4,2,3,2,4,1,1,1,9,3,3,1,6,2,2,13,13,3,4,3,3
"449",449,5,2,3,1,1,1,5,1,10,3,3,1,1,2,2,9,9,3,3,3,1
"450",450,5,2,3,1,4,1,5,1,18,3,3,1,1,2,2,9,9,3,3,4,2
"451",451,5,2,3,1,4,1,5,1,18,3,3,1,3,4,2,14,14,3,3,3,1
"452",452,4,2,3,2,3,1,5,2,5,3,3,1,3,2,8,10,10,3,3,3,2
"453",453,4,2,3,2,4,1,1,1,24,3,3,1,6,4,2,13,13,2,4,3,3
"454",454,2,2,3,1,4,1,5,1,21,3,3,1,6,2,2,13,13,3,4,3,3
"455",455,4,2,3,1,4,1,5,1,12,3,3,3,3,2,2,10,10,3,3,3,2
"456",456,4,2,3,1,4,1,5,1,17,3,3,1,3,4,2,7,7,2,3,3,2
"457",457,5,2,1,1,4,1,5,1,18,3,3,1,6,2,2,1,1,3,3,3,1
"458",458,4,2,3,2,3,1,2,2,5,3,3,1,3,1,6,10,10,3,3,3,2
"459",459,5,2,1,1,4,1,5,1,18,3,3,1,6,4,2,12,15,3,3,4,3
"460",460,4,2,3,2,1,1,1,1,4,3,3,1,1,2,2,9,9,1,3,3,2
"461",461,2,2,3,2,4,1,5,1,21,7,3,1,6,2,2,13,13,4,4,3,3
"462",462,4,2,3,1,4,1,5,1,23,2,3,1,6,2,2,14,14,3,4,4,3
"463",463,4,2,3,2,4,1,5,1,19,3,3,1,3,2,2,9,9,3,3,3,2
"464",464,4,2,3,2,2,1,5,2,7,3,3,1,6,4,2,12,12,3,3,3,2
"465",465,4,2,3,1,2,1,5,2,6,3,3,1,3,2,2,7,7,2,3,3,2
"466",466,5,2,3,1,4,1,5,1,1,3,3,5,3,4,2,13,13,2,4,3,3
"467",467,4,2,3,1,4,1,5,1,13,3,3,1,3,1,6,10,10,3,3,4,2
"468",468,4,2,3,1,4,1,5,1,13,1,3,1,6,2,2,9,9,4,3,3,2
"469",469,4,2,3,2,4,1,5,1,16,3,3,1,3,2,2,13,13,4,4,3,3
"470",470,4,2,3,2,4,1,1,1,20,8,3,1,6,2,2,7,7,2,4,3,3
"471",471,4,2,3,2,4,1,1,1,22,3,3,5,3,2,2,7,7,3,4,3,3
"472",472,4,2,3,1,4,1,5,1,17,4,3,1,6,5,7,15,10,3,3,3,2
"473",473,5,2,3,1,4,1,5,1,8,3,3,5,8,2,2,13,13,2,3,3,3
"474",474,4,2,3,2,4,1,5,1,16,3,3,1,3,2,2,13,13,2,4,3,3
"475",475,4,2,3,1,4,1,5,1,22,3,3,5,3,2,2,6,6,3,4,3,3
"476",476,4,2,3,1,4,1,1,1,19,3,3,1,3,4,2,7,7,3,3,3,2
"477",477,4,2,3,1,4,1,5,2,6,3,3,1,3,2,2,13,13,2,3,3,3
"478",478,4,2,3,1,4,1,5,1,16,3,3,1,6,4,2,13,13,2,5,3,3
"479",479,4,2,3,1,4,1,5,1,6,3,3,1,3,4,2,13,13,4,4,3,3
"480",480,5,2,3,1,1,1,5,1,18,3,3,1,3,4,2,12,12,1,3,3,1
"481",481,4,2,3,2,4,1,3,1,16,3,3,1,3,4,2,13,13,2,4,3,3
"482",482,4,2,3,2,2,1,5,1,16,3,3,1,3,4,2,13,13,2,4,3,3
"483",483,5,2,2,1,4,1,1,1,18,3,3,1,6,2,2,12,12,3,4,3,3
"484",484,5,2,3,1,4,1,3,1,12,3,3,4,3,4,2,13,13,2,3,3,3
"485",485,4,2,3,2,4,1,1,1,19,3,3,1,3,2,2,7,10,3,3,4,2
"486",486,4,2,3,1,4,1,5,1,13,3,3,1,3,2,2,9,9,3,4,3,2
"487",487,4,2,3,1,4,1,5,1,13,3,3,1,3,4,2,9,9,2,3,3,2
"488",488,4,2,3,2,4,1,5,1,17,3,3,1,3,2,2,10,10,3,3,3,2
"489",489,4,2,3,1,4,1,1,1,18,3,3,2,1,2,2,14,14,3,3,2,2
"490",490,5,2,3,1,4,1,5,1,11,3,3,4,7,2,2,6,6,3,3,4,2
"491",491,5,2,3,1,4,1,5,1,11,3,3,5,6,2,2,6,6,3,3,3,3
"492",492,4,2,3,1,4,1,5,1,13,1,3,1,1,2,2,14,14,3,3,3,2
"493",493,4,2,3,2,4,1,1,1,9,3,3,1,6,2,2,13,13,3,4,3,3
"494",494,4,2,3,1,4,1,5,1,13,3,3,1,3,2,2,4,14,3,3,3,2
"495",495,5,2,3,1,4,1,5,1,18,1,3,1,3,2,2,9,9,3,3,3,1
"496",496,1,2,3,1,4,1,5,1,10,3,3,1,3,2,2,14,14,3,3,3,2
"497",497,4,2,3,2,4,1,5,1,14,3,3,1,3,4,2,4,4,3,4,3,3
"498",498,4,2,2,1,4,1,5,1,4,3,3,1,1,2,2,14,14,3,3,4,3
"499",499,4,2,3,1,4,1,5,1,19,3,3,1,3,4,2,7,7,2,3,3,3
"500",500,4,2,3,2,4,1,5,1,13,3,3,1,3,2,2,9,9,3,3,3,2
"501",501,5,2,3,1,4,1,5,1,3,3,3,4,6,2,2,7,7,2,3,3,2
"502",502,2,2,3,1,4,1,5,1,21,3,3,1,6,2,2,13,13,3,4,3,3
"503",503,4,2,3,1,4,1,1,1,8,2,3,1,3,4,2,9,9,3,3,3,2
"504",504,4,2,3,2,4,1,5,1,7,3,3,1,3,2,2,4,14,3,3,3,2
"505",505,4,2,3,1,4,1,5,1,15,3,3,5,6,2,2,10,3,3,3,3,2
"506",506,5,2,1,1,4,1,5,1,18,1,3,3,6,4,2,14,14,2,3,3,2
"507",507,4,2,3,2,4,1,5,1,20,3,3,1,6,2,2,13,13,2,4,3,3
"508",508,2,2,3,2,4,1,5,1,21,3,3,1,3,2,2,13,13,3,4,3,3
"509",509,5,2,3,1,4,1,5,1,18,3,3,1,6,3,2,9,9,3,3,5,1
"510",510,4,2,3,1,4,1,1,1,13,3,3,1,3,2,2,9,9,2,3,3,2
"511",511,4,2,3,1,4,1,5,1,13,3,3,1,3,4,2,14,14,1,4,3,2
"512",512,4,2,3,2,4,1,5,1,16,3,3,5,3,2,2,13,13,4,4,3,3
"513",513,4,2,3,1,4,1,1,1,13,2,3,1,3,2,2,13,13,3,3,3,2
"514",514,4,2,3,1,1,1,1,1,12,3,3,1,3,2,2,13,13,3,3,4,3
"515",515,4,2,3,1,4,1,5,1,7,3,3,1,2,2,2,14,14,3,3,3,1
"516",516,4,2,3,1,4,1,5,1,16,3,3,1,3,4,2,6,6,2,5,3,2
"517",517,4,2,3,2,4,1,1,1,17,3,3,1,8,2,2,7,7,2,3,3,2
"518",518,4,2,3,2,4,1,5,1,14,3,3,1,6,2,2,13,13,2,4,3,3
"519",519,4,2,3,2,4,1,2,1,6,3,3,1,6,2,2,13,13,3,3,3,3
"520",520,4,2,3,1,4,1,5,1,7,3,3,1,6,3,2,9,9,3,4,3,1
"521",521,4,2,1,1,4,1,5,1,18,3,3,2,6,2,2,9,9,3,3,3,1
"522",522,4,2,3,2,4,1,1,1,13,2,3,1,3,2,2,13,13,3,3,3,2
"523",523,5,2,3,1,4,1,1,1,4,2,3,1,1,2,2,6,6,3,3,4,2
"524",524,4,2,3,2,1,1,5,1,8,5,5,1,6,4,2,6,6,4,5,3,3
"525",525,4,2,3,2,4,1,5,1,14,3,3,1,6,2,2,13,13,2,4,3,3
"526",526,2,2,2,1,4,1,5,1,21,3,3,1,3,2,2,13,13,3,4,3,3
"527",527,4,2,3,1,4,1,5,1,13,3,3,1,3,4,2,14,14,3,3,3,2
"528",528,4,2,3,2,4,1,5,1,16,3,3,1,6,4,2,13,13,4,5,3,3
"529",529,4,2,3,2,4,1,5,1,8,3,3,1,3,2,2,14,14,3,3,3,1
"530",530,4,2,3,2,4,1,2,1,7,3,3,1,3,4,2,14,11,3,4,3,3
"531",531,4,2,3,1,4,1,5,1,24,3,3,1,8,2,2,7,7,2,4,3,2
"532",532,5,2,3,2,4,1,4,1,4,9,2,1,6,2,2,14,14,3,3,3,1
"533",533,4,2,3,1,4,1,5,1,13,3,3,1,3,2,2,13,13,3,3,3,4
"534",534,4,2,3,1,3,1,5,2,4,3,3,1,3,2,2,13,13,3,2,2,4
"535",535,4,2,3,2,4,1,5,1,9,3,3,1,6,2,2,13,13,3,4,3,3
"536",536,4,2,3,1,4,1,5,1,8,3,3,2,6,2,2,9,9,3,3,3,2
"537",537,4,2,3,2,4,1,2,1,6,3,3,1,6,2,2,13,13,3,3,3,3
"538",538,4,2,3,2,4,1,3,1,13,3,3,1,3,4,2,9,9,3,3,3,2
"539",539,4,2,3,2,4,1,5,1,19,3,3,1,3,4,2,10,10,2,3,3,2
"540",540,4,2,3,1,4,1,5,1,6,3,3,1,3,2,2,13,13,2,4,3,3
"541",541,4,2,3,1,4,1,5,1,24,3,3,1,3,4,2,13,13,2,5,3,3
"542",542,4,2,3,1,4,1,3,1,14,3,3,1,6,2,2,13,13,2,4,3,3
"543",543,4,2,3,1,4,1,5,1,17,7,3,1,3,4,2,13,13,3,4,3,3
"544",544,3,2,3,1,4,1,5,1,13,3,3,5,7,2,2,9,9,2,3,3,3
"545",545,4,2,3,2,4,1,5,1,9,3,3,1,6,2,2,13,13,3,4,3,3
"546",546,4,2,3,2,4,1,1,1,17,3,3,1,1,2,2,7,7,2,4,4,3
"547",547,4,2,3,2,1,1,5,1,4,3,3,1,1,2,2,4,14,3,3,3,1
"548",548,4,2,3,1,4,1,5,1,12,3,3,1,7,2,2,13,13,3,3,4,2
"549",549,5,2,3,2,2,1,5,1,18,2,8,1,3,2,2,9,9,3,3,4,2
"550",550,2,2,3,1,4,1,5,1,21,3,3,1,6,2,2,13,13,3,4,3,3
"551",551,4,2,3,1,4,1,5,1,15,3,3,5,3,2,2,10,10,3,3,3,2
"552",552,5,2,3,1,4,1,5,1,18,3,3,1,3,4,2,4,4,3,3,3,2
"553",553,4,2,3,2,4,1,5,1,16,3,3,1,3,2,2,13,13,4,4,3,3
"554",554,4,2,3,1,4,1,5,1,8,2,3,1,3,2,2,13,13,3,3,3,2
"555",555,4,2,3,1,4,1,5,1,16,3,3,1,6,2,2,13,13,2,4,3,3
"556",556,5,2,3,1,4,1,5,1,4,3,3,1,2,2,2,9,9,3,3,3,1
"557",557,4,2,3,2,4,1,5,1,13,3,3,1,3,2,2,14,14,3,3,3,2
"558",558,1,2,3,1,3,1,5,2,10,3,3,1,1,2,2,9,9,3,3,3,2
"559",559,4,2,3,3,2,1,3,1,9,3,3,1,6,2,2,7,7,3,3,3,3
"560",560,4,2,3,1,4,1,5,1,1,3,3,5,3,2,2,13,13,2,4,3,3
"561",561,4,2,3,2,4,1,5,1,19,3,3,1,3,4,2,14,14,2,3,3,2
"562",562,4,2,3,1,4,1,5,2,12,3,3,1,3,2,2,7,7,3,3,3,2
"563",563,4,2,3,1,4,1,5,1,8,3,3,1,3,2,2,15,15,3,3,3,2
"564",564,4,2,3,1,4,1,5,1,8,3,3,1,1,2,2,14,14,3,3,3,1
"565",565,4,2,3,2,4,1,2,1,14,3,3,1,6,2,2,7,7,3,4,3,3
"566",566,4,2,3,1,1,1,1,1,23,3,3,1,6,2,2,14,14,3,3,3,3
"567",567,4,2,3,2,4,1,5,1,22,3,3,1,6,4,2,13,13,2,4,3,3
"568",568,4,2,3,2,4,1,5,1,16,3,3,1,3,2,2,13,13,2,4,3,3
"569",569,4,2,3,2,3,1,5,2,20,3,3,1,1,2,2,14,14,3,4,3,2
"570",570,4,2,3,2,4,1,1,1,13,3,3,3,7,2,2,9,9,3,3,3,2
"571",571,4,2,3,2,4,1,5,1,13,3,3,3,3,2,2,7,7,2,3,3,2
"572",572,4,2,3,1,4,1,5,1,13,3,3,1,3,2,2,15,15,2,3,3,2
"573",573,4,2,3,2,2,1,1,1,24,3,3,1,6,2,2,13,13,3,3,3,3
"574",574,4,2,3,2,4,1,5,1,9,3,3,1,8,2,2,13,13,3,3,3,3
"575",575,4,2,3,1,4,1,3,1,13,3,3,1,8,3,2,9,2,2,3,3,2
"576",576,4,2,3,1,4,1,5,1,13,3,3,1,1,2,2,9,9,3,3,3,2
"577",577,4,2,3,1,4,1,5,1,23,3,3,1,1,2,2,14,14,3,3,3,1
"578",578,4,2,3,2,4,1,5,1,19,3,3,1,8,2,2,13,13,2,3,3,2
"579",579,2,2,2,1,4,1,1,1,21,3,3,5,6,2,2,13,13,3,4,3,3
"580",580,5,2,1,1,4,1,5,1,18,3,3,1,1,2,2,9,9,2,3,3,1
"581",581,4,2,3,2,4,1,2,1,13,3,3,1,3,2,2,14,14,2,3,3,2
"582",582,4,2,3,1,4,1,5,1,16,3,3,1,3,4,2,13,13,2,5,3,3
"583",583,4,1,3,1,4,1,5,1,8,3,3,3,7,2,2,7,7,2,3,4,2
"584",584,5,2,3,1,4,1,5,1,18,1,4,1,5,2,2,14,14,3,5,5,1
"585",585,5,2,3,1,4,1,5,1,4,3,3,1,1,2,2,1,1,3,3,3,1
"586",586,4,2,3,1,4,1,5,1,24,3,3,1,3,4,2,13,13,2,4,3,3
"587",587,4,2,3,1,4,1,5,1,4,7,3,1,3,2,2,12,15,3,3,4,1
"588",588,4,2,3,2,4,1,5,1,19,3,3,1,7,4,2,7,7,3,3,3,2
"589",589,4,2,3,2,3,1,5,3,5,3,3,1,3,1,6,14,14,3,3,3,2
"590",590,5,2,3,1,4,1,5,1,4,7,2,1,3,2,2,13,13,3,3,3,1
"591",591,4,2,3,1,4,1,5,1,6,3,3,1,6,2,2,13,13,3,4,3,3
"592",592,4,2,3,2,4,1,1,1,16,3,3,1,6,2,2,6,6,4,5,3,3
"593",593,4,2,3,1,4,1,5,1,12,3,3,1,3,2,2,7,7,3,3,4,3
"594",594,5,2,3,1,4,1,5,1,6,3,3,5,3,2,2,13,13,2,4,3,3
"595",595,4,2,3,2,4,1,5,1,6,3,3,1,3,4,2,7,7,3,3,3,2
"596",596,4,2,3,2,4,1,5,1,22,3,3,1,3,2,2,13,16,2,4,3,3
"597",597,5,2,1,1,4,1,5,1,18,3,3,1,6,2,2,13,13,3,3,3,2
"598",598,4,2,3,1,4,1,5,1,1,3,3,5,3,2,2,13,13,2,4,3,3
"599",599,4,2,3,1,1,1,5,1,7,3,3,1,3,2,2,10,10,2,3,3,2
"600",600,5,2,3,1,4,1,5,1,2,3,3,4,6,2,2,9,9,3,3,4,2
"601",601,4,2,3,1,4,1,5,1,16,3,3,1,6,2,2,13,13,2,4,3,3
"602",602,5,2,3,1,1,1,5,1,10,3,3,1,1,2,2,14,14,3,3,4,3
"603",603,4,2,3,2,4,1,5,1,20,3,3,1,6,2,2,7,7,3,4,3,3
"604",604,2,2,2,1,4,1,5,1,21,3,3,5,6,2,2,9,9,3,4,3,3
"605",605,4,2,3,2,4,1,5,1,6,3,3,1,3,2,2,13,13,2,4,3,3
"606",606,4,2,3,1,4,1,5,1,13,3,3,1,6,2,2,7,7,2,3,3,2
"607",607,4,2,3,3,3,1,1,2,6,3,3,1,3,2,2,13,13,3,3,4,3
"608",608,4,2,3,1,1,1,5,2,8,3,3,1,6,2,2,9,9,3,3,4,2
"609",609,4,2,3,1,2,1,5,2,7,3,3,1,6,2,2,4,14,3,3,3,3
"610",610,4,2,3,1,4,1,5,1,19,2,3,1,3,2,2,13,13,1,3,2,2
"611",611,4,2,3,1,4,1,5,1,6,5,3,1,6,4,2,13,13,2,4,3,3
"612",612,4,2,3,2,4,1,3,1,17,3,3,1,8,2,2,7,7,2,3,3,2
"613",613,4,2,3,1,4,1,5,1,6,3,3,1,6,2,2,13,13,2,4,3,3
"614",614,4,2,3,1,4,1,5,1,12,2,3,1,3,2,2,13,13,3,3,3,3
"615",615,5,2,3,1,4,1,5,1,11,3,3,5,7,2,2,6,6,3,3,3,2
"616",616,4,2,3,1,4,1,5,1,13,2,3,1,7,2,2,9,9,2,3,4,3
"617",617,4,2,3,2,4,1,5,1,9,3,3,1,6,2,2,13,13,3,4,3,3
"618",618,4,2,3,1,2,1,1,2,13,1,3,1,2,2,2,9,9,3,3,3,2
"619",619,4,2,3,1,4,1,5,1,16,3,3,1,3,4,2,6,6,2,5,3,3
"620",620,4,2,3,1,4,1,5,1,24,3,3,1,6,4,2,13,13,4,4,3,3
"621",621,4,2,1,1,4,1,5,1,8,3,3,1,3,2,2,12,12,3,3,3,1
"622",622,4,2,3,1,4,1,5,1,17,3,3,1,6,2,2,7,7,3,3,3,2
"623",623,4,2,3,1,4,1,5,1,19,3,3,1,3,2,2,10,10,2,3,3,2
"624",624,2,2,3,1,4,1,5,1,21,3,3,5,6,2,2,9,9,2,4,3,3
"625",625,4,2,3,1,4,1,5,1,17,3,3,1,6,2,2,13,13,3,3,3,2
"626",626,4,2,3,2,4,1,1,1,13,3,3,1,3,4,2,14,14,2,3,3,2
"627",627,4,2,3,2,4,1,5,1,13,3,3,1,3,4,2,14,14,3,3,3,2
"628",628,4,2,3,1,4,1,5,1,13,3,3,1,8,2,2,1,1,2,3,3,2
"629",629,4,2,3,2,2,1,5,3,13,3,3,1,6,2,2,10,10,2,3,3,3
"630",630,4,2,3,1,4,1,1,1,13,2,3,1,8,2,8,10,14,2,3,3,2
"631",631,5,2,1,1,4,1,1,1,18,1,3,1,6,2,2,13,13,3,3,3,1
"632",632,4,2,3,1,4,1,5,1,16,3,3,4,3,2,2,13,13,4,4,3,3
"633",633,4,2,3,1,4,1,5,1,17,3,3,1,3,4,2,10,10,2,3,4,2
"634",634,4,2,3,1,4,1,1,1,13,3,3,1,3,2,2,14,14,3,3,3,2
"635",635,4,2,3,1,4,1,5,1,18,3,3,3,7,2,2,10,10,3,3,3,2
"636",636,3,2,2,1,1,1,5,1,23,2,3,2,4,4,2,13,13,3,2,3,2
"637",637,5,2,3,1,4,1,5,1,4,3,3,1,3,2,2,1,1,3,2,2,1
"638",638,5,2,3,1,4,1,5,1,18,3,3,2,1,2,2,14,14,3,3,3,2
"639",639,4,2,3,1,4,1,5,1,8,2,3,1,3,2,2,9,14,3,3,3,2
"640",640,4,2,3,1,4,1,5,1,1,3,3,5,3,4,2,13,13,3,4,3,3
"641",641,4,2,3,2,4,1,5,1,16,3,3,5,3,4,2,9,9,2,5,3,3
"642",642,2,2,3,1,4,1,5,1,21,3,3,1,6,2,2,13,13,3,4,3,3
"643",643,4,2,3,1,4,1,5,1,13,3,3,1,8,2,2,10,14,3,4,3,2
"644",644,4,2,3,1,4,1,5,1,17,7,3,1,6,5,2,15,7,2,3,3,2
"645",645,2,2,3,1,4,1,5,1,21,3,3,1,3,2,2,6,6,4,5,3,3
"646",646,4,2,3,2,4,1,1,1,13,3,3,1,3,4,2,10,10,3,3,3,2
"647",647,4,2,3,1,4,1,5,1,13,3,3,1,3,4,2,9,9,3,3,3,2
"648",648,4,2,3,2,4,1,5,1,8,3,3,1,3,4,2,14,14,4,3,3,2
"649",649,4,2,3,1,4,1,5,1,13,5,3,1,6,2,2,9,9,2,3,3,2
"650",650,5,2,3,1,4,1,5,1,11,3,3,4,7,2,2,6,6,3,3,3,2
"651",651,2,2,3,1,4,1,5,1,21,3,3,1,6,2,2,6,6,3,4,3,3
"652",652,4,2,3,1,4,1,5,1,8,1,3,1,6,2,2,9,9,3,3,3,2
"653",653,4,2,3,1,4,1,5,1,6,3,3,1,6,2,2,13,13,3,4,3,3
"654",654,5,2,1,1,4,1,5,1,10,3,3,1,1,2,2,9,9,3,3,3,2
"655",655,4,2,3,2,4,1,5,1,14,3,3,1,3,4,2,9,9,2,4,4,3
"656",656,5,2,3,1,4,1,5,1,3,3,3,4,6,2,2,7,8,2,3,3,2
"657",657,4,2,3,2,4,1,5,1,13,3,3,1,3,2,2,7,7,2,4,3,2
"658",658,4,2,3,1,2,1,5,2,7,3,3,1,6,2,2,12,15,3,3,2,1
"659",659,4,2,3,1,4,1,5,1,13,1,3,1,1,2,2,13,13,3,3,3,2
"660",660,4,2,3,1,4,1,1,1,8,3,3,1,3,4,2,9,9,3,3,4,3
"661",661,4,2,3,1,4,1,2,1,17,3,3,1,6,2,2,10,10,2,3,3,2
"662",662,4,2,3,3,4,1,2,1,14,3,3,1,6,4,2,13,13,2,4,3,3
"663",663,4,2,3,1,4,1,1,1,13,3,3,1,3,4,2,14,14,2,3,3,2
"664",664,4,2,3,1,4,1,5,1,8,3,3,1,7,2,2,10,10,3,3,3,2
"665",665,4,2,3,3,4,1,2,1,21,7,3,1,3,2,2,13,13,3,4,3,3
"666",666,4,2,3,2,4,1,1,1,9,3,3,1,6,2,2,13,13,2,4,3,3
"667",667,4,2,3,2,4,1,5,1,13,3,3,1,6,1,6,10,10,1,3,4,2
"668",668,4,2,3,1,4,1,5,1,20,3,3,1,3,2,2,7,7,2,3,3,3
"669",669,4,2,3,1,1,1,1,2,19,3,3,1,3,2,2,6,14,3,3,3,2
"670",670,4,2,3,1,4,1,5,1,7,3,3,1,3,2,2,9,9,3,3,3,1
"671",671,4,2,3,1,4,1,3,1,6,3,3,1,6,2,2,13,13,3,4,3,3
"672",672,3,2,3,1,4,1,5,1,8,1,3,1,6,3,2,14,14,3,3,4,1
"673",673,4,2,3,2,4,1,5,1,25,3,3,1,3,2,2,10,10,3,4,3,2
"674",674,4,2,3,1,4,1,5,1,7,3,3,1,3,4,2,6,6,2,3,3,3
"675",675,4,2,3,1,4,1,5,1,13,3,3,1,3,2,2,7,7,3,3,3,2
"676",676,4,2,3,1,4,1,5,1,15,3,3,4,6,2,2,10,3,3,3,3,2
"677",677,5,2,1,1,4,1,5,1,18,3,3,1,6,2,2,1,12,3,3,3,1
"678",678,4,2,3,1,4,1,5,1,18,3,3,1,3,2,2,13,13,3,4,3,1
"679",679,4,2,3,2,4,1,5,1,22,3,3,1,3,4,2,13,13,4,4,3,3
"680",680,4,2,3,2,4,1,5,1,19,3,3,1,3,4,2,14,14,2,3,3,2
"681",681,4,2,3,1,4,1,5,1,20,3,3,5,3,2,2,10,10,3,3,3,2
"682",682,3,2,2,3,1,1,5,1,23,3,3,1,1,2,2,13,12,3,3,3,1
"683",683,4,2,3,1,2,1,5,1,5,3,3,1,3,2,2,14,14,3,3,3,3
"684",684,4,2,3,2,4,1,1,1,6,3,3,1,3,4,2,13,13,4,4,3,3
"685",685,4,2,3,3,4,1,2,1,14,3,3,1,6,2,2,13,13,2,4,3,3
"686",686,4,2,3,2,4,1,2,1,22,3,3,5,6,2,2,7,7,3,4,3,2
"687",687,2,2,3,1,4,1,5,1,21,3,3,1,6,2,2,13,13,3,4,3,3
"688",688,2,2,3,3,4,1,3,1,21,3,3,5,6,2,2,9,9,3,4,3,3
"689",689,4,2,3,1,2,1,5,1,22,3,3,1,3,2,2,9,9,2,4,3,3
"690",690,4,2,3,2,4,1,1,1,16,3,3,5,3,2,2,13,13,4,4,3,3
"691",691,5,2,3,1,4,1,5,1,6,3,3,5,3,2,2,13,13,2,4,3,3
"692",692,4,2,3,2,4,1,1,1,14,3,3,1,6,2,8,7,7,2,5,3,3
"693",693,4,2,3,2,4,1,5,2,24,3,3,1,6,4,2,9,9,2,4,3,3
"694",694,4,2,3,1,4,1,1,3,18,3,3,1,3,2,2,9,9,3,3,3,1
"695",695,5,2,3,1,4,1,1,1,4,3,3,1,1,2,2,14,14,3,3,2,1
"696",696,4,2,3,2,4,1,5,1,24,3,3,1,3,2,2,7,7,2,3,3,2
"697",697,5,2,3,1,4,1,5,1,4,3,3,1,3,2,2,14,15,3,3,3,2
"698",698,4,2,3,2,4,1,5,1,8,3,3,1,3,2,2,14,14,3,3,3,3
"699",699,4,2,3,1,4,1,5,1,19,6,3,1,3,2,2,9,9,3,3,4,2
"700",700,2,2,2,3,4,1,5,1,21,3,3,5,3,2,2,9,9,3,4,3,3
"701",701,4,2,3,1,4,1,5,1,24,3,3,1,3,4,2,13,13,2,4,3,3
"702",702,4,2,3,1,4,1,5,1,17,3,3,1,3,4,2,7,7,2,3,3,2
"703",703,4,2,3,2,4,1,5,1,22,3,3,1,6,4,2,13,13,2,5,3,3
"704",704,5,2,3,1,4,1,5,1,18,2,3,2,6,2,2,14,14,3,3,4,1
"705",705,4,2,3,1,4,1,5,1,6,3,3,1,3,2,2,13,13,2,4,3,3
"706",706,5,2,3,1,4,1,5,1,10,3,3,2,6,4,2,13,15,3,2,2,4
"707",707,4,2,3,3,3,1,2,3,5,3,3,1,3,2,2,10,10,4,3,3,2
"708",708,4,2,3,1,4,1,5,1,16,3,3,5,3,4,2,9,9,2,4,3,3
"709",709,4,2,3,2,4,1,5,1,9,3,3,1,6,4,2,13,13,3,4,3,3
"710",710,4,2,3,2,4,1,5,1,19,3,3,1,3,2,2,7,7,1,3,3,3
"711",711,4,2,3,2,4,1,5,1,4,3,3,1,3,2,2,13,13,3,4,3,2
"712",712,1,2,2,1,2,1,5,2,10,3,3,1,1,2,2,9,9,3,3,3,5
"713",713,4,2,3,2,2,1,5,1,22,3,3,5,3,2,2,7,7,3,4,3,3
"714",714,4,2,3,1,4,1,5,1,4,7,3,2,3,2,2,7,7,2,3,3,2
"715",715,4,2,3,2,4,1,2,1,19,6,3,1,6,2,2,7,10,2,4,3,2
"716",716,4,2,3,1,4,1,5,1,17,3,3,1,3,4,2,7,7,2,3,3,2
"717",717,5,2,1,1,1,1,5,1,18,3,3,1,6,2,2,14,13,3,3,4,1
"718",718,4,2,3,1,4,1,5,1,17,3,3,1,3,2,2,7,7,3,3,3,2
"719",719,4,2,3,1,4,1,5,1,14,3,3,1,6,4,2,14,8,2,4,3,3
"720",720,4,2,3,2,4,1,5,1,6,3,3,1,3,2,2,7,10,3,3,3,2
"721",721,4,2,3,2,3,1,2,2,22,3,3,1,3,2,2,7,7,3,4,3,3
"722",722,5,2,3,1,4,1,5,1,6,3,3,5,3,2,2,13,13,2,4,3,3
"723",723,4,2,3,1,4,1,5,1,13,3,3,1,3,2,2,9,9,3,3,4,2
"724",724,4,2,3,1,4,1,5,1,8,3,3,1,1,2,2,9,9,3,3,3,3
"725",725,4,2,3,2,4,1,5,1,8,3,3,1,3,4,2,6,6,4,5,3,3
"726",726,4,2,3,1,4,1,5,1,13,3,3,1,3,2,2,7,10,3,3,3,2
"727",727,4,2,3,2,4,1,1,1,7,3,3,1,3,4,2,14,10,2,4,4,2
"728",728,4,2,3,1,4,1,5,1,6,3,3,1,3,2,2,13,13,4,4,3,3
"729",729,4,2,3,1,4,1,1,1,13,3,3,3,3,2,2,13,13,2,3,3,2
"730",730,5,2,1,1,4,1,5,1,10,3,3,1,1,2,2,9,9,3,3,3,2
"731",731,4,2,3,2,4,1,5,1,22,3,3,5,3,2,2,6,6,3,4,3,3
"732",732,4,2,3,2,4,1,1,1,24,3,3,1,8,2,2,13,13,2,4,3,3
"733",733,4,2,3,2,4,1,5,1,6,3,3,1,6,2,2,13,13,2,4,3,3
"734",734,4,2,3,1,4,1,1,1,19,2,3,1,3,4,2,7,7,3,3,3,2
"735",735,4,2,3,2,4,1,1,1,19,3,3,1,3,2,2,10,10,3,3,3,3
"736",736,5,2,3,1,4,1,5,1,18,3,3,1,5,2,2,14,14,3,3,3,1
"737",737,4,2,3,1,4,1,5,1,13,3,3,3,3,2,2,12,11,3,3,3,2
"738",738,4,2,3,2,2,1,2,1,9,3,3,1,6,2,2,13,13,3,4,3,3
"739",739,4,2,3,1,4,1,5,1,8,3,3,3,3,2,2,10,10,3,3,3,2
"740",740,4,2,3,2,4,1,5,1,6,3,3,1,6,2,2,13,13,3,4,3,3
"741",741,5,2,1,1,4,1,5,1,18,3,3,1,6,2,2,14,15,3,3,4,1
"742",742,4,2,3,2,4,1,5,1,19,2,3,1,3,4,2,7,7,3,3,4,2
"743",743,4,2,3,1,4,1,5,1,20,3,3,1,3,2,2,13,13,2,3,3,3
"744",744,4,2,3,2,4,1,5,1,19,3,3,1,8,2,2,7,7,3,3,3,2
"745",745,4,2,3,2,2,1,5,1,22,3,3,5,3,2,2,7,7,3,4,3,3
"746",746,4,2,3,2,4,1,5,1,17,3,3,1,6,4,2,13,13,2,5,4,2
"747",747,4,2,3,2,4,1,5,1,9,3,3,1,6,2,2,13,13,3,4,3,3
"748",748,5,2,2,2,4,1,1,1,18,3,3,1,6,5,2,12,12,3,4,3,5
"749",749,4,2,3,2,4,1,5,1,14,3,3,1,3,4,2,13,13,2,4,3,3
"750",750,4,2,3,1,4,1,5,1,8,3,3,1,1,2,2,15,15,3,3,3,4
"751",751,5,2,1,1,4,1,1,1,18,3,3,1,1,2,2,14,14,3,3,3,1
"752",752,4,2,3,1,4,1,5,1,9,7,3,1,6,2,2,13,13,3,4,3,3
"753",753,4,2,3,2,4,1,5,1,6,3,3,1,3,2,2,13,13,3,3,4,3
"754",754,4,2,3,1,4,1,5,1,16,3,3,1,6,2,2,13,13,2,4,3,3
"755",755,4,2,3,1,4,1,5,1,13,3,3,1,3,2,2,10,10,3,3,3,2
"756",756,2,2,2,1,4,1,5,1,21,3,3,5,6,2,2,9,9,2,3,3,3
"757",757,4,2,3,2,4,1,5,1,6,3,3,1,6,2,2,13,13,3,4,3,3
"758",758,4,2,3,2,4,1,2,1,19,3,3,1,6,4,2,7,7,1,3,3,2
"759",759,2,2,2,1,4,1,5,1,21,3,3,4,6,2,2,9,9,2,3,3,3
"760",760,4,2,3,2,4,1,5,1,14,3,3,1,6,2,2,13,13,2,4,3,3
"761",761,4,2,3,1,4,1,5,1,13,3,3,1,3,4,2,14,14,3,3,3,2
"762",762,5,2,3,1,4,1,3,1,4,2,3,1,3,2,2,14,14,3,3,3,3
"763",763,2,2,3,1,4,1,5,1,21,3,3,1,6,2,2,13,13,3,3,3,3
"764",764,4,2,3,1,4,1,5,1,14,3,3,1,6,2,2,13,13,2,4,3,3
"765",765,4,2,3,2,4,1,2,1,25,3,3,5,3,4,2,4,4,3,4,4,3
"766",766,4,2,3,2,4,1,5,1,21,3,3,1,3,2,2,13,13,4,4,3,3
"767",767,4,2,3,1,4,1,5,1,17,3,3,1,6,2,2,7,7,2,3,3,2
"768",768,4,2,3,2,4,1,5,1,12,3,3,1,1,2,2,13,13,3,3,3,2
"769",769,4,2,3,1,4,1,5,1,6,3,3,1,3,4,2,13,13,3,4,3,3
"770",770,4,2,3,3,2,1,2,2,22,3,3,1,6,4,2,6,15,2,5,3,3
"771",771,4,2,3,2,4,1,2,1,19,3,3,1,7,4,2,14,14,3,3,3,2
"772",772,4,2,3,1,4,1,5,1,8,3,3,1,3,2,2,14,14,3,3,3,2
"773",773,4,2,3,1,4,1,5,1,8,3,3,1,8,2,2,10,10,3,3,3,2
"774",774,4,2,3,1,4,1,5,1,13,2,3,1,3,2,2,14,14,3,3,3,2
"775",775,4,2,3,1,4,1,1,1,16,3,3,1,3,4,2,13,13,2,4,3,3
"776",776,5,2,3,1,4,1,3,1,12,3,3,5,3,4,2,13,13,2,3,3,3
"777",777,4,2,3,2,4,1,5,1,6,3,3,1,3,2,2,13,13,2,4,3,3
"778",778,4,2,3,2,4,1,5,1,19,3,3,1,3,4,2,7,10,3,3,3,2
"779",779,3,2,3,1,4,1,5,1,20,2,3,3,3,2,2,10,10,2,3,3,4
"780",780,4,2,3,1,4,1,5,1,12,3,3,3,7,2,2,10,8,2,3,3,2
"781",781,4,2,3,1,4,1,5,1,9,3,3,1,3,2,2,7,7,2,3,3,3
"782",782,4,2,3,1,4,1,5,1,20,3,3,1,6,2,2,13,13,3,4,4,3
"783",783,4,2,3,3,4,1,5,1,6,3,3,1,3,2,2,13,13,3,4,3,3
"784",784,4,2,3,2,4,1,1,1,12,3,3,1,7,2,2,10,10,2,3,4,3
"785",785,5,2,1,1,4,1,5,1,18,3,3,1,5,2,2,14,15,3,3,3,2
"786",786,4,2,3,1,4,1,5,1,17,2,3,1,3,2,2,4,14,3,3,3,2
"787",787,5,2,3,1,4,1,5,1,18,1,3,1,1,2,2,9,9,3,3,4,3
"788",788,4,2,3,2,4,1,5,1,20,3,3,1,6,2,2,13,13,3,4,3,3
"789",789,5,2,3,1,4,1,1,1,18,3,3,1,3,2,2,9,9,3,3,3,2
"790",790,4,2,3,2,3,1,5,1,5,3,3,1,6,2,2,7,7,2,3,3,2
"791",791,4,2,3,1,4,1,5,1,1,3,3,5,3,2,2,13,13,2,4,3,3
"792",792,4,2,3,2,4,1,1,1,12,3,3,1,8,2,2,7,7,3,3,3,3
"793",793,4,2,3,2,4,1,2,1,14,3,3,1,6,2,2,9,9,3,4,3,3
"794",794,4,2,3,1,4,1,5,1,21,3,3,1,3,2,2,6,6,4,4,3,3
"795",795,4,2,3,2,4,1,1,1,9,3,3,1,6,2,2,9,9,3,4,3,3
"796",796,4,2,3,1,4,1,5,1,20,3,3,1,6,2,2,7,7,2,3,3,2
"797",797,4,2,3,1,4,1,5,1,19,3,3,1,3,2,2,10,10,2,3,3,2
"798",798,4,2,3,1,4,1,5,1,13,3,3,1,3,2,2,13,13,3,3,3,2
"799",799,4,2,3,1,4,1,5,1,16,3,3,1,6,4,2,13,13,4,5,3,3
"800",800,4,2,3,1,4,1,1,1,23,2,3,1,1,2,2,14,14,2,3,3,1
"801",801,4,2,3,2,2,1,5,2,5,2,3,1,6,2,2,13,13,3,3,3,3
"802",802,5,2,3,1,4,1,5,1,10,3,3,1,3,2,2,9,9,3,3,3,2
"803",803,4,2,3,1,4,1,5,1,6,3,3,1,6,2,2,15,15,3,4,3,3
"804",804,4,2,3,1,4,1,5,1,16,3,3,1,6,4,2,13,13,4,5,3,3
"805",805,4,2,3,1,4,1,5,1,13,3,3,1,3,2,2,14,14,3,3,3,2
"806",806,4,2,3,2,4,1,3,1,21,3,3,1,3,2,2,13,13,4,4,3,3
"807",807,4,2,3,1,4,1,5,1,13,3,3,1,8,2,2,13,13,3,3,3,3
"808",808,4,2,3,1,4,1,5,1,4,3,3,1,6,2,2,14,14,3,3,3,2
"809",809,4,2,3,1,4,1,5,1,13,3,3,1,8,2,2,13,13,2,3,3,2
"810",810,5,2,3,1,4,1,1,1,18,3,3,1,5,4,2,1,1,3,3,3,3
"811",811,4,2,3,1,4,1,5,1,17,3,3,1,3,4,2,7,7,2,3,3,2
"812",812,5,2,3,1,4,1,5,1,6,3,3,5,3,2,2,13,13,2,4,3,3
"813",813,1,1,3,1,1,1,5,2,10,3,3,1,3,4,2,14,14,3,2,3,2
"814",814,4,2,3,1,4,1,5,1,13,3,3,1,3,2,2,9,9,2,3,3,2
"815",815,4,2,1,1,4,1,5,1,8,3,3,1,1,2,2,12,12,3,3,3,1
"816",816,4,2,3,3,4,1,2,1,6,3,3,1,3,2,2,13,13,2,3,3,3
"817",817,4,2,3,2,4,1,1,1,13,3,3,1,3,2,2,4,4,3,3,3,2
"818",818,4,2,3,2,4,1,2,1,12,3,3,1,3,4,2,6,6,2,4,3,3
"819",819,4,2,3,1,4,1,5,1,5,3,3,1,8,2,2,7,7,2,3,3,2
"820",820,4,2,3,2,4,1,5,1,16,3,3,5,3,2,2,13,13,4,4,3,3
"821",821,4,2,3,2,4,1,2,1,6,3,3,1,6,2,2,13,13,3,4,3,3
"822",822,5,2,2,1,1,1,5,2,18,3,3,2,3,2,2,9,9,3,2,3,2
"823",823,4,2,3,2,4,1,1,1,9,3,3,1,6,2,2,13,13,3,4,3,3
"824",824,4,2,3,1,4,1,5,1,23,3,3,1,1,2,2,13,13,3,3,3,1
"825",825,2,2,3,1,4,1,5,1,21,3,3,1,3,2,2,13,13,3,4,3,3
"826",826,4,2,3,1,4,1,5,1,16,5,5,1,3,4,2,6,6,2,5,3,3
"827",827,5,2,3,1,4,1,5,1,4,3,3,1,2,2,2,9,9,3,3,3,1
"828",828,4,2,3,2,4,1,5,1,20,3,3,1,3,2,2,13,13,3,4,3,3
"829",829,4,2,3,3,3,1,2,3,5,3,3,1,6,1,6,10,10,3,3,3,3
"830",830,2,2,2,1,4,1,5,1,21,3,3,4,6,2,2,9,9,3,4,3,3
"831",831,4,2,3,2,4,1,1,1,13,3,3,1,3,2,2,7,7,2,3,3,2
"832",832,2,2,2,1,4,1,5,1,21,3,3,5,6,2,2,9,9,3,3,3,3
"833",833,4,2,3,2,4,1,2,1,6,3,3,1,6,2,2,13,13,2,4,3,3
"834",834,4,2,3,1,4,1,5,1,13,3,3,1,3,2,2,7,10,2,3,3,2
"835",835,4,2,3,1,4,1,5,1,13,3,3,1,3,2,2,13,13,2,3,3,2
"836",836,4,2,3,1,4,1,5,1,19,3,3,1,3,2,2,13,7,3,3,3,2
"837",837,5,2,2,1,4,1,5,1,18,3,3,1,3,2,2,13,13,3,3,3,1
"838",838,5,2,3,1,4,1,5,1,3,3,3,4,6,2,2,7,7,2,3,3,2
"839",839,4,2,3,1,4,1,5,1,6,3,3,1,3,2,2,13,13,3,3,3,3
"840",840,4,2,3,1,4,1,5,1,8,3,3,1,1,2,2,9,9,3,3,3,2
"841",841,3,2,3,2,4,1,5,1,23,3,3,1,6,2,2,14,14,3,3,3,1
"842",842,5,2,1,1,4,1,5,1,18,3,3,1,6,2,2,9,9,3,3,3,3
"843",843,4,2,3,1,4,1,5,1,13,3,3,1,8,2,2,7,7,2,3,3,2
"844",844,4,2,3,1,4,1,1,1,13,1,3,3,3,2,2,4,4,3,3,3,2
"845",845,5,2,1,2,4,1,5,1,18,1,3,1,1,2,2,14,14,3,3,3,1
"846",846,4,2,3,2,4,1,2,1,19,6,3,1,7,2,2,7,7,3,3,3,2
"847",847,4,2,3,1,4,1,5,1,20,3,3,1,6,2,2,7,7,2,4,3,3
"848",848,4,2,3,2,4,1,2,1,6,3,3,1,3,2,2,7,10,3,3,3,2
"849",849,4,2,3,3,1,1,5,1,5,3,3,1,1,2,2,14,14,3,3,3,1
"850",850,4,2,3,1,4,1,3,1,25,2,3,1,8,4,2,10,10,2,4,4,2
"851",851,5,2,3,1,4,1,5,1,6,3,3,5,3,2,2,13,13,2,4,3,3
"852",852,4,2,3,1,4,1,5,1,1,3,3,5,3,2,2,13,13,2,4,3,3
"853",853,4,2,3,1,4,1,5,1,7,3,3,1,5,2,2,9,9,3,3,4,2
"854",854,4,2,3,2,4,1,1,1,13,3,3,1,8,2,2,9,7,2,3,4,2
"855",855,4,2,3,1,4,1,5,1,19,3,3,1,3,4,2,14,10,3,3,3,2
"856",856,4,2,3,2,4,1,1,1,19,3,3,1,3,2,2,7,7,3,3,4,2
"857",857,4,2,3,2,3,1,5,2,6,3,3,1,8,2,2,10,7,3,3,3,2
"858",858,4,2,3,1,4,1,5,1,9,3,3,1,6,2,2,7,7,3,3,3,3
"859",859,4,2,3,1,4,1,5,1,17,3,3,1,3,2,2,7,7,2,3,3,2
"860",860,4,2,3,2,4,1,1,1,17,4,3,1,6,2,2,7,7,2,3,3,2
"861",861,4,2,3,1,4,1,1,1,7,3,3,1,1,2,2,14,14,3,4,3,1
"862",862,4,2,3,1,4,1,5,1,19,3,3,2,3,4,2,10,7,3,3,3,3
"863",863,4,2,3,1,4,1,1,1,20,3,3,1,3,4,2,7,10,3,3,3,3
"864",864,4,2,3,1,4,1,5,1,13,3,3,1,3,4,2,4,10,3,3,3,2
"865",865,2,2,3,1,4,1,5,1,21,3,3,1,3,2,2,13,13,3,4,3,3
"866",866,4,2,3,2,4,1,5,1,13,3,3,1,3,2,2,9,9,2,3,3,2
"867",867,4,2,3,2,2,1,5,1,24,3,3,1,3,2,2,13,13,4,4,3,3
"868",868,4,2,3,1,4,1,1,1,19,2,3,1,3,2,2,13,13,3,3,3,2
"869",869,4,2,3,3,4,1,1,1,9,2,3,1,6,2,2,10,10,3,3,3,4
"870",870,4,2,3,1,4,1,5,1,20,3,3,1,6,2,2,9,9,2,4,3,3
"871",871,4,2,3,1,4,1,5,1,13,5,3,1,3,4,2,9,9,3,3,3,2
"872",872,4,2,3,1,4,1,5,1,6,3,3,1,6,2,2,13,13,2,3,3,3
"873",873,4,2,3,1,4,1,1,1,13,3,3,1,3,2,2,15,15,3,4,3,5
"874",874,4,2,3,1,4,1,5,1,13,3,3,1,3,2,2,7,7,3,4,3,2
"875",875,5,2,3,1,4,1,5,1,18,1,3,1,1,2,2,14,14,3,3,3,2
"876",876,2,2,3,1,4,1,5,1,21,3,3,1,6,2,2,6,6,3,4,3,3
"877",877,4,2,3,1,2,1,5,2,12,3,3,1,3,2,2,7,10,3,3,3,3
"878",878,4,2,3,1,4,1,5,1,16,3,3,1,6,4,2,13,13,4,4,3,3
"879",879,4,2,3,2,4,1,5,1,19,3,3,1,7,2,2,7,7,3,3,3,2
"880",880,4,2,3,2,4,1,2,1,6,3,3,1,3,2,2,13,13,2,4,4,2
"881",881,4,2,3,1,4,1,5,1,8,3,3,1,3,2,2,13,13,3,3,3,3
"882",882,4,2,3,2,4,1,2,1,24,3,3,1,1,2,2,7,7,2,4,4,2
"883",883,4,2,3,2,4,1,1,1,9,3,3,1,6,2,2,13,13,3,3,3,3
"884",884,4,2,3,1,1,1,5,1,23,3,3,1,4,2,2,14,14,3,4,3,3
"885",885,4,2,3,1,4,1,5,1,13,3,3,1,3,2,2,7,7,2,3,3,2
"886",886,2,2,3,2,4,1,2,1,21,3,3,5,3,2,2,9,9,2,4,3,3
"887",887,4,2,3,1,4,1,1,1,13,3,3,3,3,2,2,9,9,2,3,3,2
"888",888,4,2,3,2,4,1,5,1,8,3,3,1,1,2,2,9,9,3,3,4,3
"889",889,4,2,3,2,4,1,5,2,13,3,3,1,3,1,6,14,14,3,4,4,3
"890",890,4,2,3,1,4,1,5,1,13,2,3,1,3,4,2,14,14,2,3,3,2
"891",891,4,2,3,1,4,1,1,1,13,1,3,1,1,2,2,9,9,3,3,4,2
"892",892,4,2,3,1,4,1,5,1,19,3,3,1,6,4,2,7,7,2,3,3,2
"893",893,4,2,3,1,4,1,5,1,19,3,3,1,3,4,2,7,7,3,3,3,2
"894",894,4,2,3,1,4,1,5,1,19,5,3,1,3,2,2,14,10,3,3,3,3
"895",895,4,2,3,1,1,1,5,1,20,3,3,3,3,2,2,10,10,3,3,3,4
"896",896,4,2,3,1,4,1,5,1,13,3,3,1,6,4,2,7,7,2,3,3,2
"897",897,5,2,1,1,4,1,5,1,10,3,3,1,3,2,2,14,14,3,3,3,1
"898",898,4,2,3,1,4,1,5,1,20,2,3,3,6,2,2,10,10,3,3,3,4
"899",899,4,2,3,2,4,1,5,1,16,3,3,1,3,4,2,13,13,4,5,3,3
"900",900,4,2,3,1,4,1,5,1,19,2,3,1,3,2,2,7,10,3,3,3,2
"901",901,4,2,3,2,4,1,5,1,13,3,3,1,3,2,2,7,7,3,3,3,2
"902",902,4,2,3,2,4,1,5,1,13,3,3,1,3,4,2,9,9,3,3,4,2
"903",903,4,2,3,1,4,1,5,1,9,3,3,1,6,2,2,13,13,3,4,3,3
"904",904,4,2,3,2,2,1,2,1,9,3,3,1,3,4,2,13,13,2,4,3,3
"905",905,4,2,3,2,4,1,5,1,19,3,3,1,3,2,2,7,14,2,3,3,2
"906",906,4,2,3,1,4,1,5,1,13,3,3,1,3,2,2,7,7,4,3,3,2
"907",907,4,2,3,2,4,1,1,1,21,3,3,1,3,2,2,13,13,4,4,3,3
"908",908,4,2,3,2,4,1,5,1,7,3,3,1,1,2,2,4,4,3,4,3,2
"909",909,4,2,3,2,3,1,5,2,12,3,3,1,3,2,2,7,7,3,3,3,2
"910",910,4,2,3,3,4,1,5,1,9,3,3,1,6,2,2,13,13,3,4,3,3
"911",911,4,2,3,1,4,1,1,1,13,2,3,3,6,2,2,9,9,2,3,3,2
"912",912,4,2,3,2,4,1,2,2,6,3,3,1,3,2,2,7,10,3,3,3,2
"913",913,5,2,3,1,4,1,5,1,4,3,3,1,3,2,2,9,9,3,3,3,1
"914",914,3,2,3,1,2,1,5,1,7,3,3,3,6,2,2,9,9,3,3,3,2
"915",915,2,2,2,1,4,1,5,1,21,3,3,5,6,2,2,13,13,4,4,3,3
"916",916,5,2,3,1,4,1,5,1,11,3,3,4,6,2,2,6,6,2,3,3,2
"917",917,1,2,3,1,4,1,5,1,10,3,3,1,3,2,2,1,1,3,3,3,2
"918",918,4,2,3,1,4,1,5,1,8,3,3,1,3,2,2,13,13,3,3,3,2
"919",919,4,2,3,2,4,1,1,1,20,3,3,1,6,2,2,7,7,3,4,3,3
"920",920,4,2,3,2,4,1,1,1,13,3,3,1,3,4,2,9,9,3,5,3,2
"921",921,4,2,3,2,4,1,5,1,20,3,3,1,6,2,2,7,7,2,4,4,3
"922",922,4,2,3,1,4,1,5,1,8,2,3,3,1,2,2,9,9,3,3,3,2
"923",923,4,2,3,1,4,1,5,1,9,7,3,1,3,2,2,13,13,3,4,3,3
"924",924,4,2,3,1,4,1,5,1,20,3,3,5,3,2,2,10,10,3,4,3,3
"925",925,4,2,3,1,4,1,5,1,17,3,3,1,3,2,2,10,10,2,3,4,2
"926",926,4,2,3,2,4,1,1,1,17,3,3,1,3,2,2,13,13,3,3,3,3
"927",927,4,2,3,1,4,1,5,1,16,3,3,1,6,4,2,13,13,2,4,3,3
"928",928,4,2,3,1,4,1,5,1,17,2,3,1,6,2,2,9,9,2,3,3,2
"929",929,4,2,3,1,4,1,5,1,6,3,3,1,3,4,2,13,13,3,4,3,3
"930",930,4,2,3,2,4,1,1,1,9,3,3,1,6,2,2,7,7,2,3,3,3
"931",931,4,2,3,2,2,1,5,1,24,3,3,1,3,2,2,13,13,3,4,3,3
"932",932,4,2,3,1,4,1,5,1,13,3,3,1,3,2,2,13,13,3,3,3,2
"933",933,4,2,3,2,4,1,1,1,21,9,3,1,3,4,2,13,8,4,5,3,3
"934",934,4,2,3,1,4,1,3,1,6,3,3,1,3,2,2,13,13,2,4,3,3
"935",935,4,2,3,3,2,1,5,2,13,4,3,1,3,1,6,14,14,3,3,3,2
"936",936,4,2,3,2,4,1,5,1,4,3,3,1,3,2,2,9,9,2,3,4,3
"937",937,4,2,3,1,4,1,5,1,20,3,3,1,3,2,2,13,13,3,4,3,3
"938",938,4,2,3,1,4,1,5,1,21,3,3,1,6,2,2,13,13,3,4,3,3
"939",939,4,2,3,1,4,1,5,1,6,3,3,1,6,2,2,13,13,3,4,3,3
"940",940,4,2,3,1,4,1,5,1,5,3,3,1,6,2,2,9,9,3,3,4,2
"941",941,4,2,3,2,4,1,5,1,12,3,3,3,3,2,2,10,10,3,3,3,2
"942",942,4,2,3,2,4,1,3,1,9,9,3,1,6,2,2,13,13,2,4,3,3
"943",943,4,2,3,2,4,1,5,1,8,3,3,3,3,2,2,9,9,3,3,3,3
"944",944,4,2,3,1,3,1,5,1,12,3,3,3,3,2,2,7,10,3,3,3,2
"945",945,4,2,3,2,4,2,2,1,24,3,3,1,8,2,2,7,7,2,3,3,2
"946",946,5,2,3,1,4,1,1,1,18,3,3,1,1,4,2,13,13,3,3,3,1
"947",947,4,2,3,1,4,1,5,1,13,3,3,1,8,2,2,7,7,2,3,4,2
"948",948,4,2,3,1,4,1,5,1,24,3,3,1,3,4,2,13,13,2,4,3,3
"949",949,4,2,3,2,4,1,5,1,6,3,3,1,6,2,2,13,13,2,4,3,3
"950",950,4,2,3,1,4,1,5,1,17,3,3,1,3,4,2,10,10,3,3,3,2
"951",951,4,2,3,1,4,1,5,1,13,3,3,1,3,2,2,13,13,3,3,3,2
"952",952,3,2,3,1,4,1,1,1,20,3,3,1,3,2,2,13,13,3,3,3,2
"953",953,4,2,3,1,4,1,5,1,6,3,3,1,7,2,2,15,7,3,3,4,2
"954",954,4,2,3,2,4,1,5,2,12,3,3,1,6,2,2,7,7,2,3,3,2
"955",955,4,2,3,2,4,1,2,1,8,3,3,3,7,1,6,15,10,2,3,3,2
"956",956,3,2,3,2,2,1,5,1,7,3,3,3,6,2,2,9,9,2,3,3,2
"957",957,5,2,3,1,4,1,5,1,2,3,3,5,6,2,2,9,9,3,3,3,2
"958",958,4,2,3,1,4,1,5,1,19,3,3,1,3,4,2,9,9,3,3,3,2
"959",959,4,2,3,1,4,1,5,1,6,3,3,1,3,2,2,13,13,3,4,3,3
"960",960,2,2,3,1,4,1,3,1,21,3,3,4,6,4,2,9,9,3,4,3,3
"961",961,4,2,3,2,4,1,5,1,4,3,3,1,3,2,2,14,10,3,3,4,2
"962",962,4,2,3,2,4,1,1,1,17,5,3,1,6,2,2,7,7,2,3,4,2
"963",963,4,2,3,1,4,1,1,1,15,3,3,5,6,2,2,10,3,3,3,3,2
"964",964,4,2,3,2,4,1,1,1,6,3,3,1,3,2,2,13,13,3,4,3,3
"965",965,4,2,3,1,4,1,1,1,24,3,3,1,6,2,2,13,13,2,4,3,3
"966",966,4,2,3,1,4,1,5,1,9,7,3,1,6,2,2,13,13,3,4,3,3
"967",967,4,2,3,2,2,1,5,1,7,3,3,1,1,2,2,9,9,3,4,4,1
"968",968,4,2,3,2,4,1,5,1,13,3,3,1,3,4,2,14,14,2,3,3,2
"969",969,5,2,3,1,4,1,5,1,18,3,3,1,1,2,2,13,13,3,3,3,1
"970",970,4,2,3,1,4,1,5,1,13,3,3,2,8,4,2,7,7,2,3,2,2
"971",971,4,2,3,1,4,1,5,1,13,3,3,1,1,2,2,1,1,3,3,3,2
"972",972,4,2,3,1,4,1,5,1,16,3,3,4,6,2,2,13,15,4,4,3,3
"973",973,4,2,3,1,4,1,5,1,20,3,3,5,3,2,2,10,10,3,3,3,2
"974",974,2,2,3,1,4,1,1,1,21,3,3,1,3,2,2,6,6,3,4,3,3
"975",975,4,2,3,2,4,1,1,1,4,7,2,1,6,2,2,7,7,3,3,4,1
"976",976,2,2,3,1,4,1,3,1,21,3,3,4,6,2,2,9,9,3,4,3,3
"977",977,4,2,3,2,1,1,5,1,4,3,3,1,3,2,2,14,14,3,3,3,3
"978",978,2,2,2,2,4,1,5,1,21,3,3,5,3,2,2,13,13,3,4,3,3
"979",979,4,2,3,1,1,1,5,2,8,3,3,1,3,2,2,9,9,3,3,3,2
"980",980,4,2,3,1,4,1,1,1,19,2,3,1,3,2,2,13,13,3,3,3,3
"981",981,4,2,3,2,4,1,1,1,13,3,3,1,7,2,2,6,6,4,5,3,2
"982",982,4,2,3,2,4,1,1,1,14,3,3,1,6,4,2,13,13,2,4,3,3
"983",983,4,2,3,1,4,1,5,1,1,3,3,1,3,2,2,13,13,2,4,3,3
"984",984,4,2,3,1,4,1,1,1,6,3,3,1,6,2,2,6,6,3,4,3,3
"985",985,4,2,3,1,4,1,5,1,12,3,3,3,1,2,2,10,10,3,3,3,2
"986",986,4,2,3,1,4,1,5,1,8,3,3,2,3,2,2,9,9,3,3,3,2
"987",987,5,2,3,1,4,1,1,1,18,2,3,1,1,4,2,13,13,3,3,4,2
"988",988,4,2,3,2,4,1,5,1,16,3,3,1,3,4,2,13,13,4,5,3,3
"989",989,4,2,3,2,4,1,5,1,17,3,3,1,6,2,2,10,10,2,3,3,2
"990",990,2,2,3,1,4,1,5,1,21,3,3,1,6,2,2,13,13,3,4,3,3
"991",991,4,2,3,1,4,1,5,1,14,3,3,1,6,2,2,13,13,2,4,3,3
"992",992,5,2,1,1,4,1,1,1,18,1,3,1,6,2,2,14,14,3,4,4,1
"993",993,4,2,3,1,4,1,5,2,13,3,3,1,6,4,2,14,14,2,3,3,2
"994",994,4,2,3,1,4,1,5,1,6,3,3,1,6,2,2,13,13,3,3,3,3
"995",995,4,2,3,1,4,1,3,1,16,3,3,1,3,4,2,6,6,4,5,3,3
"996",996,4,2,3,2,4,1,5,2,4,2,3,1,1,2,2,9,9,3,3,3,2
"997",997,4,2,3,2,4,1,5,1,13,3,3,1,3,4,2,14,14,3,3,3,2
"998",998,4,2,3,2,4,1,5,1,17,4,3,1,3,4,2,7,7,2,3,3,2
"999",999,5,2,3,1,4,1,5,1,10,3,3,1,3,4,2,14,14,3,3,3,1
"1000",1000,4,2,3,1,4,1,5,1,6,3,3,1,3,2,2,13,13,4,4,3,3
"1001",1001,4,2,3,1,4,1,1,1,8,3,3,1,3,1,6,3,3,3,3,3,4
"1002",1002,4,2,3,1,4,1,1,1,18,3,3,1,3,2,2,14,14,3,3,3,1
"1003",1003,4,2,3,2,4,1,5,1,21,7,3,1,3,2,2,13,13,2,4,3,3
"1004",1004,4,2,3,2,4,1,1,1,17,2,7,3,3,2,2,13,13,2,3,3,2
"1005",1005,4,2,3,1,4,1,5,1,1,3,3,5,3,2,2,13,13,2,4,3,3
"1006",1006,4,2,3,1,4,1,5,1,6,3,3,1,8,2,2,7,7,2,4,3,2
"1007",1007,4,2,3,4,4,1,5,1,13,5,3,1,3,2,2,10,10,3,3,3,2
"1008",1008,5,2,3,1,4,1,5,1,11,3,3,5,6,2,2,6,6,3,3,3,2
"1009",1009,4,2,3,2,4,1,2,1,12,3,3,1,3,4,2,13,13,4,4,3,3
"1010",1010,4,2,3,1,4,1,5,1,23,3,3,1,1,2,2,14,14,3,3,2,1
"1011",1011,4,2,3,1,4,1,5,1,19,3,3,1,1,2,2,14,14,3,3,3,2
"1012",1012,4,2,3,1,4,1,5,1,8,3,3,3,3,4,2,2,2,3,3,3,2
"1013",1013,4,2,3,1,4,1,5,1,7,3,3,1,6,4,2,14,14,3,3,4,3
"1014",1014,5,2,3,1,4,1,5,1,18,3,3,1,3,4,2,9,12,3,3,3,1
"1015",1015,4,2,3,1,4,1,5,1,13,1,3,1,3,2,2,9,9,2,3,3,2
"1016",1016,4,2,3,1,4,1,5,1,17,3,3,1,6,2,2,13,13,3,4,3,3
"1017",1017,4,2,3,1,4,1,5,1,6,3,3,1,3,4,2,13,13,2,4,3,3
"1018",1018,4,2,3,2,4,1,2,1,22,3,3,5,3,2,2,7,7,3,4,3,2
"1019",1019,4,2,3,2,4,1,3,1,9,3,3,1,8,2,2,7,7,2,4,3,3
"1020",1020,4,2,3,1,4,1,5,1,1,3,3,5,3,2,2,13,13,2,4,3,3
"1021",1021,4,2,3,1,4,1,5,1,8,3,3,1,3,2,2,13,13,3,3,3,3
"1022",1022,4,2,3,1,4,1,5,1,6,3,3,1,3,2,2,13,13,4,4,3,3
"1023",1023,5,2,3,1,4,1,5,1,18,3,3,1,1,2,2,14,14,3,3,3,2
"1024",1024,4,2,3,1,4,1,5,1,1,3,3,5,3,2,2,13,13,2,4,3,3
"1025",1025,4,2,3,2,4,1,1,1,24,3,3,1,3,4,7,11,7,3,4,3,2
"1026",1026,4,2,3,1,4,1,1,1,6,3,3,1,3,2,2,13,13,3,3,3,2
"1027",1027,4,2,3,1,4,1,5,1,13,2,3,1,3,2,2,9,7,2,3,3,2
"1028",1028,4,2,3,2,2,1,5,1,24,3,3,1,3,2,2,13,13,4,4,3,3
"1029",1029,4,2,3,1,4,1,5,1,13,1,3,1,1,2,2,15,15,3,3,3,2
"1030",1030,5,2,3,1,4,1,5,1,3,3,3,4,6,2,2,7,7,2,3,3,2
"1031",1031,3,2,3,1,4,1,5,1,23,3,3,2,6,2,2,13,13,3,3,3,3
"1032",1032,4,2,3,1,4,1,1,1,23,3,3,1,4,2,2,14,10,3,3,3,1
"1033",1033,4,2,3,2,4,1,1,1,14,3,3,1,6,2,2,9,9,3,4,4,3
"1034",1034,4,2,3,1,4,1,5,1,6,3,3,1,3,2,2,13,13,4,4,3,3
"1035",1035,4,2,3,1,1,1,5,1,7,3,3,1,3,2,2,9,9,3,3,4,3
"1036",1036,4,2,3,2,4,1,2,1,8,3,3,1,3,2,2,14,14,3,3,4,4
"1037",1037,4,2,3,2,2,1,5,1,24,3,3,1,3,4,2,13,13,4,4,3,3
"1038",1038,4,2,3,1,4,1,5,1,6,3,3,1,6,2,2,13,13,2,4,3,3
"1039",1039,5,2,3,1,4,1,5,1,11,3,3,4,6,2,2,6,6,3,3,3,2
"1040",1040,5,2,3,1,4,1,5,1,11,3,3,5,7,2,2,6,6,3,3,3,2
"1041",1041,4,2,3,1,4,1,1,1,19,3,3,1,3,2,2,14,14,1,3,3,2
"1042",1042,4,2,3,1,4,1,5,1,17,2,3,1,6,4,2,7,7,2,3,3,2
"1043",1043,4,2,3,2,4,1,5,1,16,3,3,4,3,2,2,13,13,4,4,3,3
"1044",1044,4,2,3,1,4,1,5,1,20,3,3,1,6,4,2,7,7,2,3,3,3
"1045",1045,4,2,3,1,4,1,5,1,17,5,3,1,3,4,8,4,4,3,4,3,3
"1046",1046,4,2,3,2,4,1,2,1,8,3,3,1,3,4,2,4,14,3,3,3,4
"1047",1047,4,2,3,2,4,1,5,1,22,3,3,1,6,4,2,6,6,4,4,3,3
"1048",1048,4,2,3,3,4,1,5,1,6,3,3,1,3,2,2,13,13,3,3,3,3
"1049",1049,4,2,3,1,4,1,5,1,12,3,3,1,3,4,2,7,7,2,3,2,4
"1050",1050,4,2,3,1,3,1,5,1,8,3,3,1,3,2,2,9,9,3,3,3,2
"1051",1051,4,2,3,2,4,1,5,1,9,3,3,1,3,2,2,13,13,3,4,3,3
"1052",1052,4,2,3,2,4,1,1,1,6,3,3,1,3,2,2,13,13,3,4,3,3
"1053",1053,4,2,3,1,4,1,1,1,13,1,3,1,6,2,2,13,13,1,3,3,2
"1054",1054,4,2,3,1,4,1,5,2,8,3,3,1,3,4,2,7,7,4,3,3,2
"1055",1055,4,2,3,1,4,1,1,1,6,3,3,1,6,2,2,13,13,2,4,3,3
"1056",1056,4,2,3,1,4,1,5,1,17,3,3,1,3,2,2,10,10,2,3,3,2
"1057",1057,4,2,3,2,4,1,5,1,16,3,3,5,3,2,2,13,13,4,4,3,3
"1058",1058,4,2,3,3,4,1,3,1,14,3,3,1,6,2,2,7,7,3,4,3,3
"1059",1059,4,2,3,2,4,1,5,1,16,3,3,1,6,2,2,13,13,4,5,3,3
"1060",1060,4,2,3,2,2,1,1,2,7,3,3,1,1,2,2,9,9,2,3,3,2
"1061",1061,4,2,3,1,4,1,5,1,22,3,3,5,3,2,2,6,6,3,4,3,3
"1062",1062,1,1,3,1,3,1,5,1,10,3,3,1,3,2,2,9,9,3,2,3,2
"1063",1063,5,2,1,1,4,1,5,1,18,3,3,2,6,2,2,14,14,3,3,3,1
"1064",1064,5,2,3,1,4,1,5,1,18,1,3,1,3,2,2,9,9,3,3,4,1
"1065",1065,4,2,3,2,4,1,2,1,13,3,3,1,3,2,2,10,10,2,3,3,2
"1066",1066,4,2,3,1,4,1,5,2,5,3,3,1,6,2,2,14,14,3,4,3,3
"1067",1067,4,2,3,2,4,1,5,1,9,3,3,1,6,2,2,13,13,3,4,3,3
"1068",1068,4,2,3,1,4,1,5,2,13,3,3,1,6,2,2,7,7,2,3,3,2
"1069",1069,5,2,3,1,4,1,5,1,11,3,3,5,6,2,2,6,6,3,3,3,2
"1070",1070,4,2,3,1,4,1,5,1,13,3,3,1,2,2,2,9,9,3,3,3,2
"1071",1071,4,2,3,1,4,1,5,1,13,3,3,1,3,4,2,9,9,2,3,3,2
"1072",1072,4,2,3,1,4,1,5,1,17,7,3,1,6,2,2,9,9,3,3,3,2
"1073",1073,4,2,3,1,4,1,5,1,8,1,3,1,1,2,2,9,9,3,3,3,2
"1074",1074,4,2,3,2,1,1,1,1,8,3,3,1,6,4,2,7,10,2,3,3,2
"1075",1075,4,2,3,1,4,1,5,1,6,3,3,1,3,2,2,13,13,3,4,3,3
"1076",1076,4,2,3,1,4,1,5,1,7,3,3,1,6,2,2,14,14,3,3,3,2
"1077",1077,4,2,1,1,4,1,5,1,18,3,3,1,1,2,2,14,14,3,3,3,2
"1078",1078,4,2,3,2,4,1,1,1,13,3,3,1,3,2,2,13,10,3,3,3,2
"1079",1079,5,2,3,1,4,1,5,1,6,3,3,5,3,2,2,13,13,2,4,3,3
"1080",1080,4,2,3,1,4,1,5,1,6,3,3,1,3,2,2,13,13,3,3,3,3
"1081",1081,4,2,3,1,4,1,5,1,17,3,3,1,3,2,2,13,13,2,4,4,2
"1082",1082,4,2,3,1,4,1,1,1,19,2,3,1,3,2,2,7,7,3,3,3,2
"1083",1083,4,2,3,1,4,1,5,1,6,3,3,1,3,2,2,13,13,2,4,3,3
"1084",1084,4,2,3,1,4,1,5,1,13,3,3,1,3,4,2,7,7,2,3,3,2
"1085",1085,4,2,3,3,4,1,1,1,9,3,3,1,6,2,2,7,7,3,3,3,3
"1086",1086,4,2,3,1,4,1,5,1,20,3,3,1,7,2,2,7,7,3,3,3,3
"1087",1087,5,2,3,1,4,1,5,1,11,3,3,5,6,2,2,6,6,3,3,3,2
"1088",1088,2,2,3,1,4,1,5,1,21,3,3,1,6,2,2,13,13,3,4,3,3
"1089",1089,5,2,3,1,4,1,5,1,8,3,3,4,6,2,2,13,13,4,4,3,3
"1090",1090,2,2,2,2,4,1,5,1,21,3,3,5,3,2,2,9,9,3,4,3,3
"1091",1091,4,2,3,1,4,1,1,1,13,3,3,3,3,2,2,4,4,3,3,3,4
"1092",1092,2,2,2,1,4,1,5,1,21,3,3,4,6,2,2,9,9,2,4,3,3
"1093",1093,4,2,3,1,1,1,5,1,23,3,3,1,1,2,2,9,9,3,3,3,3
"1094",1094,4,2,3,1,4,1,1,1,13,2,3,1,3,4,2,9,9,2,3,3,2
"1095",1095,4,2,3,1,4,1,5,1,13,3,3,1,3,2,2,9,9,3,3,3,2
"1096",1096,4,2,3,2,4,1,5,1,6,3,3,1,3,2,2,13,13,3,4,3,3
"1097",1097,5,2,3,1,4,1,5,1,10,3,3,1,6,2,2,14,14,3,3,3,3
"1098",1098,4,2,3,1,4,1,5,1,22,3,3,5,3,2,2,7,7,3,4,3,2
"1099",1099,5,2,3,1,4,1,5,1,4,3,3,1,1,2,2,9,9,3,3,3,1
"1100",1100,4,2,3,2,4,1,5,1,17,7,3,1,3,2,2,10,10,2,3,3,2
"1101",1101,4,2,3,1,1,1,5,1,23,3,3,1,3,2,2,14,14,3,3,3,2
"1102",1102,4,2,3,2,4,1,5,1,13,3,3,1,3,2,2,7,9,3,3,3,2
"1103",1103,4,2,3,1,4,1,5,1,13,3,3,1,3,2,2,14,14,2,3,3,2
"1104",1104,4,2,3,1,4,1,1,1,13,3,3,1,3,4,2,4,4,3,3,3,2
"1105",1105,5,2,3,1,4,1,5,1,3,3,3,5,6,2,2,7,7,2,3,3,2
"1106",1106,4,2,3,2,4,1,1,1,14,3,3,1,6,2,2,7,7,2,4,3,3
"1107",1107,4,2,3,2,4,1,1,1,20,2,3,1,3,4,2,7,7,3,4,3,3
"1108",1108,4,2,3,4,2,1,2,1,9,3,3,1,6,2,2,13,13,3,4,3,3
"1109",1109,4,2,3,1,4,1,5,1,9,3,3,1,6,2,2,13,13,3,3,3,3
"1110",1110,4,2,3,2,4,1,5,1,16,3,3,1,3,2,2,9,9,4,4,3,3
"1111",1111,4,2,3,1,4,1,5,1,9,3,3,1,6,2,2,7,7,3,3,3,3
"1112",1112,4,2,3,1,4,1,5,1,17,3,3,1,6,4,2,10,10,2,3,3,2
"1113",1113,4,2,3,2,4,1,1,1,13,3,3,1,3,2,2,15,15,3,3,3,2
"1114",1114,4,2,3,1,4,1,5,1,13,3,3,1,3,2,2,14,14,3,3,3,2
"1115",1115,4,2,3,1,4,1,5,1,18,3,3,1,3,2,2,9,9,3,3,4,2
"1116",1116,4,2,3,1,4,1,5,1,16,3,3,1,3,4,2,13,13,4,4,3,3
"1117",1117,4,2,3,1,4,1,5,1,9,3,3,1,8,4,2,13,13,3,4,3,3
"1118",1118,4,2,3,2,4,1,3,1,19,2,3,1,3,2,2,13,13,3,3,3,2
"1119",1119,4,2,3,1,4,1,5,1,19,3,3,1,8,2,2,9,9,3,3,4,2
"1120",1120,4,2,3,1,4,1,5,1,13,3,3,1,3,2,2,4,14,3,3,3,2
"1121",1121,5,2,3,1,1,1,5,2,10,3,3,1,3,2,2,4,4,3,3,3,1
"1122",1122,4,2,3,1,4,1,5,1,6,3,3,1,3,2,2,13,13,2,4,3,3
"1123",1123,4,2,3,2,4,1,1,1,8,3,3,1,3,2,2,1,1,3,3,3,2
"1124",1124,4,2,3,1,4,1,5,1,8,3,3,1,3,4,2,13,13,3,3,5,2
"1125",1125,4,2,3,2,4,1,5,1,9,3,3,1,8,2,2,7,7,2,3,3,3
"1126",1126,4,2,3,1,4,1,5,1,13,3,3,1,3,2,2,10,10,3,3,3,2
"1127",1127,4,2,3,1,4,1,5,1,1,3,3,5,3,4,2,13,13,2,4,3,3
"1128",1128,4,2,3,4,4,1,1,1,9,3,3,1,3,4,2,13,13,3,4,3,3
"1129",1129,4,2,3,2,4,1,5,1,9,3,3,1,6,2,2,13,13,3,4,3,3
"1130",1130,5,2,1,1,4,1,5,1,18,3,3,3,7,2,2,9,9,2,3,3,2
"1131",1131,4,2,3,1,4,1,5,1,23,3,3,1,1,2,2,15,10,3,3,3,1
"1132",1132,4,2,3,1,4,1,5,1,12,3,3,1,3,2,2,7,7,3,3,3,3
"1133",1133,5,2,3,1,4,1,5,1,18,3,3,1,6,2,2,14,14,3,3,3,1
"1134",1134,4,2,3,2,4,1,5,1,20,3,3,1,6,2,2,13,13,3,4,3,3
"1135",1135,4,2,3,2,2,1,5,1,9,3,3,1,6,2,2,13,13,3,3,3,3
"1136",1136,5,2,3,1,4,1,1,1,4,3,3,1,3,2,2,14,14,3,3,3,1
"1137",1137,4,2,3,1,4,1,5,1,13,3,3,1,1,2,2,13,13,3,3,3,2
"1138",1138,4,2,3,1,4,1,5,1,19,2,3,1,1,2,2,13,13,3,3,4,2
"1139",1139,4,2,3,2,4,1,5,2,12,3,3,1,3,2,2,10,8,3,3,3,3
"1140",1140,4,2,3,2,4,1,5,1,4,3,3,1,3,2,2,12,12,3,3,2,1
"1141",1141,4,2,3,1,4,1,1,1,13,3,3,1,3,2,2,7,7,3,3,3,2
"1142",1142,4,2,3,2,4,1,2,1,17,5,3,1,6,2,2,10,10,2,3,4,2
"1143",1143,4,2,3,1,4,1,5,1,6,3,3,1,6,4,2,13,13,4,4,3,3
"1144",1144,4,2,3,1,4,1,5,1,19,3,3,1,3,2,2,14,10,3,3,3,2
"1145",1145,4,2,3,1,4,1,5,1,8,3,3,2,1,2,2,9,9,3,3,2,1
"1146",1146,5,2,3,1,4,1,5,1,4,3,3,1,1,2,2,9,9,3,3,3,1
"1147",1147,4,2,3,1,4,1,5,1,20,3,3,1,3,2,2,14,15,2,4,3,2
"1148",1148,4,2,3,1,1,1,5,1,7,3,3,1,6,2,2,9,9,3,3,3,2
"1149",1149,5,2,3,1,4,1,5,1,18,3,3,1,1,2,2,14,14,3,3,3,3
"1150",1150,5,2,3,1,4,1,5,1,18,1,3,1,6,4,2,13,13,3,3,4,3
"1151",1151,4,2,3,2,4,1,5,1,13,3,3,1,3,2,2,4,4,3,3,3,2
"1152",1152,4,2,3,1,4,1,5,1,8,3,3,1,3,2,2,7,10,2,3,3,2
"1153",1153,4,2,3,2,4,1,5,1,7,3,3,1,3,2,2,11,11,3,3,3,3
"1154",1154,5,2,3,1,4,1,1,1,10,3,3,1,3,2,2,14,14,3,4,4,1
"1155",1155,4,2,3,2,4,1,5,1,13,3,3,1,6,2,2,13,13,4,3,3,2
"1156",1156,4,2,3,2,4,1,1,1,25,3,3,1,3,2,2,10,10,3,4,4,2
"1157",1157,4,2,3,1,4,1,5,1,13,3,3,1,8,2,2,4,4,3,3,4,3
"1158",1158,4,2,3,2,4,1,5,1,16,3,3,4,3,2,2,13,13,4,4,3,3
"1159",1159,4,2,3,1,4,1,3,1,21,2,3,1,3,2,2,13,13,4,4,3,3
"1160",1160,4,2,3,1,4,1,5,1,17,3,3,1,6,4,2,7,7,2,4,3,2
"1161",1161,4,2,3,1,4,1,5,1,15,3,3,4,6,2,2,10,3,3,3,3,2
"1162",1162,4,2,3,2,3,1,2,1,7,5,3,1,3,4,2,7,7,2,4,3,2
"1163",1163,4,2,3,1,4,1,5,1,19,3,3,1,3,2,2,13,13,3,3,3,2
"1164",1164,4,2,3,1,4,1,5,1,19,2,3,3,7,2,2,10,10,3,3,3,2
"1165",1165,4,2,3,2,4,1,3,1,25,2,3,1,8,2,2,10,10,3,3,3,3
"1166",1166,4,2,3,2,4,1,5,1,16,3,3,1,3,2,2,13,13,4,4,3,3
"1167",1167,4,2,3,2,4,1,1,1,6,3,3,1,3,2,2,13,13,4,4,3,3
"1168",1168,4,2,3,2,4,1,5,1,9,7,3,1,6,2,2,13,13,3,3,3,3
"1169",1169,4,2,3,1,4,1,1,1,8,3,3,1,6,4,2,12,12,3,3,3,2
"1170",1170,4,2,3,2,4,1,2,1,14,3,3,1,6,4,2,7,7,2,4,4,3
"1171",1171,4,2,3,1,4,1,5,1,12,3,3,1,8,2,2,10,10,3,3,3,2
"1172",1172,4,2,3,1,4,1,5,1,13,3,3,1,3,4,2,9,9,3,3,3,2
"1173",1173,2,2,2,2,4,1,5,1,21,3,3,5,6,2,2,9,9,3,4,3,3
"1174",1174,4,2,3,2,1,1,5,1,5,3,3,1,1,2,2,9,9,3,3,3,2
"1175",1175,4,2,3,2,4,1,5,1,7,3,3,1,6,2,2,14,14,3,3,3,1
"1176",1176,4,2,3,1,4,1,5,1,14,3,3,1,1,4,2,7,7,2,4,3,3
"1177",1177,4,2,3,2,4,1,2,1,12,3,3,1,3,2,2,7,10,3,3,3,2
"1178",1178,5,2,1,1,1,1,5,1,18,1,3,1,1,2,2,9,9,3,3,3,2
"1179",1179,4,2,3,2,4,1,3,1,7,3,3,1,1,2,2,14,14,3,3,3,1
"1180",1180,4,2,3,1,4,1,1,1,8,3,3,1,3,2,2,14,14,3,3,3,4
"1181",1181,4,2,3,3,4,1,1,1,24,3,3,1,6,2,2,9,9,3,3,3,6
"1182",1182,5,2,3,2,2,1,5,2,7,3,3,5,3,4,2,6,6,4,5,3,3
"1183",1183,4,2,3,2,4,1,1,1,14,3,3,1,6,4,2,14,8,3,4,3,3
"1184",1184,4,2,1,1,4,1,5,1,18,3,3,1,3,4,2,12,12,3,3,3,1
"1185",1185,4,1,3,1,4,1,5,2,24,3,3,1,3,4,2,9,9,2,3,3,2
"1186",1186,4,2,3,1,4,1,5,1,8,3,3,1,1,2,2,1,1,3,3,4,1
"1187",1187,4,2,3,2,1,1,1,2,18,1,1,2,6,2,2,7,7,3,3,3,2
"1188",1188,4,2,3,1,4,1,1,1,14,3,3,1,3,2,2,8,8,3,4,3,3
"1189",1189,4,2,3,2,4,1,5,1,6,3,3,1,6,2,2,13,13,2,4,3,3
"1190",1190,4,2,3,1,4,1,5,1,9,3,3,1,6,2,2,13,13,3,3,3,3
"1191",1191,4,2,3,1,3,1,5,2,12,3,3,2,3,2,2,9,9,4,3,4,2
"1192",1192,2,2,2,1,4,1,5,1,21,3,3,4,6,2,2,9,9,2,4,3,3
"1193",1193,5,2,1,1,4,1,5,1,18,3,3,1,1,3,2,13,13,3,3,3,3
"1194",1194,5,2,3,1,4,1,3,1,12,3,3,5,3,4,2,13,13,2,3,3,3
"1195",1195,4,2,3,1,4,1,1,1,19,3,3,1,6,2,2,7,7,4,3,3,2
"1196",1196,4,2,3,2,4,1,5,1,9,3,3,1,6,2,2,13,13,3,3,3,3
"1197",1197,4,2,3,2,4,1,5,1,9,3,3,1,6,2,2,13,13,3,4,3,3
"1198",1198,5,2,3,2,1,1,1,1,18,3,3,1,5,2,2,9,9,3,3,3,1
"1199",1199,4,2,3,1,4,1,5,1,6,3,3,1,3,2,2,13,13,3,4,3,3
"1200",1200,4,2,3,1,4,1,5,1,19,3,3,1,3,2,2,7,7,2,3,3,2
"1201",1201,4,2,3,1,4,1,5,1,13,3,3,1,3,2,2,9,9,3,3,3,2
"1202",1202,4,2,3,1,4,1,1,1,6,3,3,1,6,2,2,13,13,3,3,3,3
"1203",1203,5,2,3,1,4,1,1,1,4,3,3,1,1,2,2,14,14,3,3,3,1
"1204",1204,4,2,3,1,4,1,5,1,6,3,3,1,3,2,2,13,13,2,4,3,3
"1205",1205,4,2,3,1,4,1,5,1,17,3,3,1,3,2,2,7,7,3,3,3,2
"1206",1206,4,2,3,2,4,1,2,1,20,3,3,1,3,4,2,7,7,2,4,3,2
"1207",1207,3,2,3,1,4,1,5,1,20,3,3,1,3,2,2,7,7,3,3,3,2
"1208",1208,4,2,3,1,4,1,5,1,6,3,3,1,3,2,2,13,13,2,4,3,3
"1209",1209,4,2,3,1,4,1,5,1,13,3,3,1,3,2,2,9,9,3,3,4,2
"1210",1210,4,2,3,2,4,1,2,1,21,9,3,1,3,4,2,13,13,4,4,3,3
"1211",1211,4,2,3,1,4,1,5,1,20,3,3,1,6,2,2,14,14,3,4,3,3
"1212",1212,4,2,3,2,1,1,5,2,9,3,3,1,1,2,2,14,14,3,4,3,6
"1213",1213,4,2,3,1,4,1,5,1,8,3,3,1,3,4,2,9,9,3,3,3,2
"1214",1214,4,2,3,2,4,1,2,1,19,3,3,1,8,2,2,13,13,3,3,4,2
"1215",1215,4,2,3,2,4,1,5,1,13,3,3,1,7,2,2,9,9,3,3,3,2
"1216",1216,4,2,3,2,4,1,5,1,19,3,3,1,3,2,2,13,13,3,3,3,2
"1217",1217,5,2,3,1,4,1,5,1,19,6,3,3,1,2,2,13,13,3,3,3,4
"1218",1218,2,2,3,1,4,1,5,1,21,3,3,1,3,2,2,6,6,4,4,3,3
"1219",1219,5,2,3,1,4,1,5,1,4,3,3,1,1,2,2,1,1,3,3,3,4
"1220",1220,5,2,3,1,4,1,5,1,3,3,3,4,6,2,2,6,6,2,3,3,2
"1221",1221,4,2,3,2,4,1,5,1,13,3,3,1,3,2,2,14,14,3,3,3,2
"1222",1222,4,2,3,1,4,1,5,1,19,2,3,1,3,4,2,7,7,3,3,3,2
"1223",1223,4,2,3,1,4,1,5,1,13,1,3,1,1,2,2,14,14,2,3,3,2
"1224",1224,4,2,3,1,4,1,5,1,13,3,3,1,3,4,2,14,14,2,3,3,2
"1225",1225,4,2,3,2,4,1,5,1,9,7,3,1,6,2,2,13,13,3,4,3,3
"1226",1226,4,2,3,1,4,1,5,1,13,3,3,1,8,4,2,13,13,2,3,4,2
"1227",1227,4,2,3,2,4,1,2,1,21,2,3,1,6,2,2,13,13,4,4,3,3
"1228",1228,4,2,3,1,4,1,1,1,13,3,3,1,3,2,2,13,13,2,3,3,2
"1229",1229,4,2,3,1,4,1,1,1,16,3,3,5,3,4,2,9,9,2,5,3,3
"1230",1230,4,2,3,1,4,1,5,1,13,3,3,1,8,4,2,4,7,3,3,3,2
"1231",1231,4,2,3,2,4,1,5,1,19,2,6,3,1,6,2,10,10,3,3,3,2
"1232",1232,4,2,3,1,4,1,5,1,13,3,3,3,8,4,2,14,14,2,3,3,2
"1233",1233,4,2,3,1,4,1,3,1,13,3,3,3,3,2,2,7,7,3,3,3,4
"1234",1234,4,2,3,2,4,1,5,1,13,3,3,1,3,4,2,10,10,2,3,3,2
"1235",1235,3,2,3,1,1,1,5,1,23,3,3,1,6,2,2,9,9,3,3,3,3
"1236",1236,4,2,3,1,4,1,5,1,7,3,3,1,6,2,2,14,14,3,3,3,1
"1237",1237,4,2,3,1,4,1,5,1,16,3,3,4,6,2,2,13,15,4,4,3,3
"1238",1238,4,2,3,3,4,1,3,1,6,3,3,1,6,2,2,13,13,3,4,3,3
"1239",1239,4,2,3,1,4,1,5,1,20,6,3,1,3,2,2,13,13,3,4,3,3
"1240",1240,4,2,3,2,2,1,5,1,24,3,3,1,3,4,2,13,13,2,4,3,3
"1241",1241,4,2,3,1,4,1,5,1,6,3,3,1,6,2,2,13,13,2,4,3,3
"1242",1242,4,2,3,1,4,1,5,1,21,3,3,1,3,4,2,13,13,4,4,3,3
"1243",1243,4,2,3,1,4,1,5,1,17,3,3,1,7,2,2,10,10,2,3,3,2
"1244",1244,4,2,3,1,4,1,5,1,16,3,3,1,3,2,2,13,13,3,5,3,3
"1245",1245,4,2,3,2,2,1,1,2,7,3,3,1,6,2,2,4,12,3,3,3,3
"1246",1246,4,2,3,1,4,1,5,1,17,3,3,1,8,4,2,13,13,2,3,3,2
"1247",1247,2,2,3,1,4,1,5,1,21,3,3,1,6,2,2,13,13,3,4,3,3
"1248",1248,4,2,3,2,4,1,5,1,12,3,3,1,8,2,2,7,7,2,3,3,2
"1249",1249,5,2,1,1,4,1,5,1,18,3,3,1,5,2,2,1,1,3,3,3,1
"1250",1250,4,2,3,1,4,1,5,1,13,3,3,1,3,2,2,9,9,3,3,3,2
"1251",1251,4,2,3,1,4,1,1,1,13,3,3,1,3,4,2,4,4,3,4,3,2
"1252",1252,4,2,3,2,4,1,1,1,16,3,3,5,3,2,2,13,15,4,4,3,3
"1253",1253,4,2,3,1,4,1,5,1,12,3,3,1,3,2,2,7,7,3,3,3,2
"1254",1254,4,2,3,2,4,1,5,1,25,3,3,1,6,2,2,14,14,3,4,3,2
"1255",1255,4,2,3,1,4,1,5,1,8,3,3,1,6,2,2,13,13,4,4,3,3
"1256",1256,5,2,3,1,4,1,5,1,4,3,3,1,1,2,2,14,14,3,3,3,1
"1257",1257,4,2,3,2,4,1,1,1,14,3,3,1,3,4,2,7,7,2,4,3,3
"1258",1258,4,2,3,1,4,1,1,1,8,2,3,1,3,2,2,14,14,3,3,3,3
"1259",1259,4,2,3,2,4,1,5,1,9,3,3,1,8,2,2,13,13,4,4,3,3
"1260",1260,4,2,3,1,4,1,3,1,13,3,3,1,3,2,2,7,7,3,3,3,2
"1261",1261,4,2,3,4,4,1,2,1,9,7,3,1,6,2,2,13,13,3,3,3,3
"1262",1262,4,2,3,1,4,1,5,1,13,3,3,1,3,4,2,9,9,3,3,3,2
"1263",1263,4,2,3,1,4,1,5,1,5,3,3,1,1,2,2,14,14,3,3,3,2
"1264",1264,4,2,2,1,4,1,5,1,4,3,3,1,6,3,2,14,14,3,3,3,3
"1265",1265,3,2,3,1,4,1,5,1,13,3,3,5,3,2,2,9,9,3,4,3,3
"1266",1266,2,2,3,1,4,1,4,1,21,3,3,5,6,4,2,9,9,2,4,3,3
"1267",1267,5,2,3,2,1,1,5,1,18,2,3,2,5,4,2,14,14,3,2,3,2
"1268",1268,4,2,3,2,2,1,5,1,24,3,3,1,3,4,2,12,6,3,5,3,3
"1269",1269,4,2,3,2,4,1,5,2,7,3,3,1,1,2,2,12,12,2,3,4,2
"1270",1270,4,2,3,1,4,1,5,1,13,2,3,1,1,2,2,9,9,2,3,3,2
"1271",1271,4,2,3,1,3,1,5,3,5,3,3,1,3,6,7,10,10,3,4,3,3
"1272",1272,4,2,3,2,4,1,5,1,17,5,3,1,3,4,2,4,4,3,3,3,2
"1273",1273,4,2,3,2,4,1,2,1,19,3,3,1,3,4,2,7,10,2,3,3,2
"1274",1274,4,2,3,2,4,1,1,1,8,3,3,1,8,2,2,10,10,2,3,3,2
"1275",1275,4,2,3,1,4,1,1,1,7,3,3,1,1,2,2,14,15,3,3,3,3
"1276",1276,4,2,3,1,4,1,1,1,13,2,3,3,6,2,5,1,1,4,3,3,2
"1277",1277,4,2,3,2,4,1,2,1,17,3,3,1,6,2,2,7,10,3,3,3,2
"1278",1278,4,2,3,2,4,1,2,1,17,3,3,1,8,2,2,7,7,2,3,3,2
"1279",1279,4,2,3,1,4,1,5,1,6,3,3,1,6,2,2,13,13,3,4,3,3
"1280",1280,1,2,3,1,4,1,5,1,10,3,3,1,1,2,2,9,9,3,3,4,2
"1281",1281,4,2,3,2,4,1,5,1,6,3,3,1,3,2,2,13,13,2,4,3,3
"1282",1282,4,2,3,2,4,1,2,1,24,3,3,1,3,4,2,7,7,2,3,3,2
"1283",1283,4,2,3,2,4,1,5,1,6,3,3,1,3,2,2,7,7,3,3,3,2
"1284",1284,4,2,3,1,3,1,1,1,12,3,3,3,6,5,2,9,15,3,3,3,2
"1285",1285,4,2,3,1,4,1,5,1,23,2,3,1,1,2,2,14,15,3,3,3,3
"1286",1286,5,2,3,1,4,1,5,1,4,3,3,1,1,2,2,9,9,3,3,2,2
"1287",1287,4,2,3,1,4,1,5,1,17,2,3,1,3,4,2,7,7,2,3,3,2
"1288",1288,4,2,3,2,3,1,5,2,5,3,3,1,3,2,2,14,14,1,3,4,2
"1289",1289,4,2,3,2,4,1,5,1,22,3,3,5,3,2,2,6,6,3,4,3,3
"1290",1290,4,2,3,2,4,1,5,1,16,3,3,1,6,2,2,13,13,4,4,3,3
"1291",1291,4,2,3,2,4,1,1,1,13,3,3,1,8,4,2,14,7,2,3,3,3
"1292",1292,5,2,3,1,4,1,5,1,3,3,3,4,6,2,2,6,6,2,3,3,2
"1293",1293,5,2,3,1,4,1,1,1,18,3,3,1,6,2,2,14,14,3,3,3,5
"1294",1294,4,2,3,1,4,1,5,1,17,3,3,1,6,2,2,7,7,3,3,3,3
"1295",1295,4,2,3,1,4,1,5,1,8,3,3,1,3,4,2,15,10,3,3,3,2
"1296",1296,4,2,3,1,4,1,5,1,13,2,3,1,3,4,2,7,7,2,3,3,2
"1297",1297,4,2,3,1,4,1,5,1,13,3,3,1,3,4,2,9,9,2,3,4,2
"1298",1298,5,2,3,1,4,1,5,1,8,3,3,5,7,2,2,13,13,2,3,3,3
"1299",1299,4,2,3,4,1,1,1,1,8,2,3,1,6,4,1,12,12,4,5,3,3
"1300",1300,4,2,3,1,4,1,5,1,13,3,3,1,3,4,2,4,4,3,3,3,2
"1301",1301,4,2,3,2,4,1,2,1,9,3,3,1,6,2,2,13,13,3,4,3,3
"1302",1302,4,2,3,2,1,1,5,1,7,3,3,1,6,2,2,14,14,3,3,3,2
"1303",1303,4,2,3,1,4,1,5,1,14,3,3,1,6,4,2,13,13,2,4,3,3
"1304",1304,4,2,3,1,4,1,5,1,21,3,3,1,3,2,2,13,13,2,4,3,3
"1305",1305,5,2,3,1,4,1,5,1,8,3,3,5,6,2,2,13,13,4,4,3,3
"1306",1306,4,2,3,2,4,1,1,1,16,3,3,1,3,4,2,13,13,4,4,3,3
"1307",1307,4,2,3,2,4,1,5,1,16,3,3,5,3,2,2,13,13,4,4,3,3
"1308",1308,4,2,3,1,4,1,5,1,6,3,3,1,3,2,2,13,13,3,3,4,3
"1309",1309,5,2,3,1,4,1,5,1,18,3,3,1,3,2,2,9,9,3,3,3,2
"1310",1310,4,2,3,1,4,1,5,1,20,3,3,1,3,2,2,7,7,2,3,3,2
"1311",1311,4,2,3,1,4,1,5,1,7,4,3,1,3,2,2,4,7,3,4,4,3
"1312",1312,4,2,3,1,4,1,5,1,6,3,3,1,3,2,2,13,13,2,4,3,3
"1313",1313,4,2,3,2,4,1,5,1,14,3,3,1,6,2,2,14,14,2,4,3,3
"1314",1314,4,2,3,2,4,1,1,1,14,3,3,1,6,2,2,13,13,2,4,3,3
"1315",1315,4,2,3,1,4,1,5,1,8,3,3,1,3,4,2,14,14,3,3,3,2
"1316",1316,4,2,3,1,4,1,5,1,13,3,3,1,6,2,2,7,7,3,3,3,2
"1317",1317,4,2,3,2,4,1,5,1,6,3,3,1,3,2,2,13,13,4,4,3,3
"1318",1318,2,2,2,1,4,1,1,1,21,3,3,5,3,2,2,13,13,3,4,3,3
"1319",1319,4,2,3,3,4,1,2,1,6,3,3,1,3,4,2,13,13,2,4,3,3
"1320",1320,4,2,3,1,1,1,5,1,8,3,3,1,3,4,2,14,14,2,3,3,3
"1321",1321,4,2,3,1,4,1,5,1,13,3,3,1,3,4,2,4,4,3,3,3,2
"1322",1322,4,2,3,2,4,1,1,1,4,2,3,1,3,4,2,13,13,3,3,3,2
"1323",1323,4,2,3,2,4,1,5,1,14,3,3,1,6,2,2,7,7,3,4,3,3
"1324",1324,4,2,3,1,2,1,5,1,4,3,3,1,3,4,2,13,13,3,2,3,2
"1325",1325,4,2,3,1,4,1,5,1,21,3,3,1,3,2,2,13,13,2,4,3,3
"1326",1326,5,2,3,1,4,1,5,1,10,3,3,1,3,2,2,1,1,3,3,3,1
"1327",1327,3,2,3,1,1,1,5,2,8,3,3,1,3,2,2,9,9,3,3,3,1
"1328",1328,4,2,3,1,4,1,5,1,12,3,3,1,3,2,2,13,13,3,4,4,2
"1329",1329,5,2,1,1,4,1,1,1,18,3,3,1,1,2,2,4,14,3,4,4,1
"1330",1330,4,2,3,2,4,1,5,1,9,3,3,1,6,4,2,13,13,3,3,3,3
"1331",1331,4,2,3,1,4,1,5,1,21,3,3,1,3,4,2,13,13,4,4,3,3
"1332",1332,4,2,3,2,4,1,5,1,6,3,3,1,8,2,2,9,9,3,3,3,2
"1333",1333,4,2,3,1,4,1,5,2,8,3,3,1,3,2,2,9,9,3,3,3,2
"1334",1334,5,2,3,1,4,1,1,1,10,3,3,1,1,2,2,14,14,3,3,3,2
"1335",1335,5,2,3,1,4,1,5,1,3,3,3,5,6,2,2,7,7,3,3,3,2
"1336",1336,4,2,3,1,4,1,5,1,17,3,3,1,3,2,2,10,10,2,3,3,2
"1337",1337,4,2,3,2,4,1,5,1,17,2,3,3,3,2,2,10,10,2,3,3,2
"1338",1338,5,2,1,2,1,1,1,2,18,2,3,1,3,2,2,14,14,3,3,3,2
"1339",1339,4,2,3,2,4,1,1,1,6,3,3,1,6,2,2,13,13,3,4,3,3
"1340",1340,4,2,3,2,4,1,1,1,6,3,3,1,3,4,2,9,9,3,3,4,2
"1341",1341,4,2,3,1,4,1,5,1,13,3,3,1,3,2,2,9,9,3,3,3,2
"1342",1342,4,2,3,1,4,1,5,1,20,6,3,1,3,2,2,13,13,3,3,3,3
"1343",1343,4,2,3,1,4,1,5,1,6,3,3,1,6,2,2,13,13,2,4,3,3
"1344",1344,4,2,3,1,1,1,5,1,7,3,3,1,1,2,2,4,11,3,3,3,1
"1345",1345,4,2,3,2,4,1,1,1,6,3,3,1,6,2,2,13,13,3,4,3,3
"1346",1346,5,2,3,1,4,1,5,1,18,3,3,1,3,4,2,9,9,3,3,3,3
"1347",1347,4,2,3,3,4,1,2,1,17,5,3,1,3,4,2,4,7,3,3,3,2
"1348",1348,4,2,3,2,2,1,1,1,24,3,3,1,3,2,2,13,13,4,4,3,3
"1349",1349,4,2,3,4,3,1,5,1,20,3,3,1,3,2,2,13,13,3,4,3,3
"1350",1350,5,2,2,1,4,1,5,1,18,3,3,1,6,2,2,9,9,3,3,4,1
"1351",1351,4,2,3,1,4,1,5,1,13,1,3,3,6,2,2,9,9,2,3,3,2
"1352",1352,4,2,3,2,4,1,5,1,13,3,3,1,6,2,2,7,7,2,3,3,2
"1353",1353,5,2,3,1,4,1,5,1,4,3,3,1,1,2,2,9,9,3,4,3,1
"1354",1354,4,2,3,2,4,1,2,1,14,3,3,1,1,4,2,13,13,2,4,3,3
"1355",1355,4,2,3,2,4,1,5,1,6,3,3,1,6,2,2,13,13,3,4,3,3
"1356",1356,4,2,3,2,4,1,5,1,17,3,3,1,8,2,2,9,9,2,3,3,2
"1357",1357,4,2,3,1,4,1,1,1,13,3,3,1,3,2,2,7,7,2,3,3,2
"1358",1358,4,2,3,2,4,1,2,1,13,3,3,1,3,2,2,13,13,3,3,3,2
"1359",1359,2,2,3,1,4,1,5,1,21,3,3,4,6,2,2,9,9,2,4,3,3
"1360",1360,4,2,3,1,4,1,4,1,16,3,3,1,3,4,2,13,13,2,4,3,3
"1361",1361,4,2,3,1,4,1,5,1,23,2,3,1,6,2,2,9,14,3,3,3,1
"1362",1362,4,2,3,2,3,1,5,2,22,3,3,1,3,4,2,13,13,4,4,3,3
"1363",1363,4,2,3,2,4,1,3,1,13,2,3,1,1,2,2,13,13,3,3,4,1
"1364",1364,4,2,3,2,4,1,5,1,9,3,3,1,6,2,2,13,13,3,3,3,3
"1365",1365,2,2,2,1,4,1,5,1,21,3,3,5,6,2,2,9,9,3,4,3,3
"1366",1366,2,2,3,1,4,1,5,1,21,3,3,1,6,2,2,13,13,3,4,3,3
"1367",1367,4,2,3,2,4,1,5,1,6,3,3,1,6,2,2,13,13,2,4,3,3
"1368",1368,5,2,3,1,4,1,5,1,11,3,3,5,6,2,2,6,6,3,3,3,3
"1369",1369,5,2,3,1,4,1,5,1,6,3,3,5,3,2,2,13,13,2,4,3,3
"1370",1370,4,2,3,3,4,1,3,1,6,3,3,1,3,4,2,13,13,2,4,3,3
"1371",1371,4,2,3,1,4,1,1,1,18,1,3,1,1,2,2,5,5,3,2,3,3
"1372",1372,4,2,3,1,4,1,5,1,13,3,3,1,8,4,2,1,1,3,3,3,2
"1373",1373,4,2,3,1,4,1,1,1,6,3,3,1,6,2,2,13,13,3,3,3,3
"1374",1374,4,2,3,1,4,1,5,1,14,3,3,1,3,4,2,13,13,2,5,3,3
"1375",1375,2,2,3,1,4,1,5,1,21,3,3,1,6,2,2,6,6,3,4,3,3
"1376",1376,4,2,3,2,2,1,5,1,24,3,3,1,3,2,2,13,13,2,4,3,3
"1377",1377,4,2,3,1,1,1,5,1,23,3,3,1,3,2,2,14,14,3,3,3,1
"1378",1378,4,2,1,1,4,1,5,1,8,3,3,1,1,2,2,14,14,3,3,3,2
"1379",1379,5,2,3,1,4,1,5,1,3,3,3,4,6,2,2,7,7,2,3,3,2
"1380",1380,4,2,3,1,4,1,5,1,24,3,3,1,8,2,2,13,13,3,3,3,3
"1381",1381,4,2,1,1,4,1,5,1,8,3,3,1,3,2,2,12,12,3,3,2,1
"1382",1382,4,2,3,2,4,1,1,1,13,3,3,1,3,2,2,4,10,3,3,3,2
"1383",1383,5,2,3,1,4,1,1,1,18,3,3,1,6,4,2,14,14,3,3,3,1
"1384",1384,4,2,3,1,4,1,5,1,19,3,3,1,3,2,2,14,14,3,3,4,1
"1385",1385,4,2,3,1,4,1,5,1,8,3,3,1,1,2,2,15,15,3,3,3,1
"1386",1386,5,2,3,1,4,1,5,1,10,3,3,1,1,2,2,13,13,3,3,4,1
"1387",1387,4,2,3,2,4,1,5,1,17,7,3,1,6,2,2,10,10,2,3,3,2
"1388",1388,5,2,1,1,4,1,5,1,18,1,3,1,1,2,2,12,12,3,3,4,1
"1389",1389,4,2,3,2,2,1,2,1,9,3,3,1,3,2,2,13,13,4,5,3,3
"1390",1390,5,2,3,1,4,1,5,1,4,3,3,1,1,2,2,14,14,3,3,4,1
"1391",1391,4,2,3,1,4,1,5,1,6,3,3,1,3,2,2,13,13,2,4,3,3
"1392",1392,4,2,3,1,4,1,5,1,13,3,3,3,3,2,2,10,10,3,3,3,2
"1393",1393,4,2,3,1,4,1,5,1,13,3,3,1,7,2,2,7,7,3,3,3,2
"1394",1394,5,2,2,1,4,1,5,1,18,3,3,2,1,2,2,14,14,3,3,3,1
"1395",1395,4,2,3,1,4,1,5,1,1,3,3,5,3,4,2,13,13,2,4,3,3
"1396",1396,4,2,3,2,4,1,5,1,24,3,3,1,6,4,2,13,13,2,4,3,3
"1397",1397,4,2,3,2,1,1,5,3,24,3,3,1,3,2,2,14,14,3,3,3,2
"1398",1398,5,2,3,1,4,1,5,1,4,3,3,1,6,2,2,9,9,3,3,3,1
"1399",1399,4,2,3,1,4,1,5,1,13,3,3,1,1,2,2,13,14,3,3,3,2
"1400",1400,4,2,3,1,4,1,5,1,23,3,3,1,1,2,2,15,15,3,3,3,1
"1401",1401,5,2,3,1,4,1,1,1,4,3,3,1,1,2,2,15,15,3,3,3,1
"1402",1402,4,2,3,2,4,1,5,1,9,3,3,1,6,2,2,13,13,3,3,3,3
"1403",1403,4,2,3,1,4,1,5,1,6,3,3,1,3,2,2,13,13,3,4,3,3
"1404",1404,4,2,3,2,4,1,2,1,21,7,3,1,3,2,2,13,13,4,4,3,3
"1405",1405,4,2,1,1,4,1,1,1,18,1,3,1,1,2,2,14,14,3,3,3,3
"1406",1406,5,2,3,2,2,1,5,2,7,3,3,5,3,4,2,6,6,4,4,3,3
"1407",1407,4,2,3,1,4,1,1,1,6,3,3,1,7,2,2,7,15,3,3,3,2
"1408",1408,4,2,3,2,4,1,1,1,12,3,3,1,3,2,2,7,10,3,3,3,2
"1409",1409,5,2,3,1,4,1,5,1,18,3,3,1,6,2,2,13,13,3,3,3,2
"1410",1410,4,2,3,2,4,1,2,1,17,3,3,1,6,2,2,10,10,2,3,4,2
"1411",1411,4,2,3,1,4,1,5,1,6,3,3,1,6,2,2,13,13,3,4,3,3
"1412",1412,4,2,3,1,4,1,5,1,13,3,3,1,1,2,2,13,13,3,3,4,2
"1413",1413,4,2,3,1,4,1,5,1,13,3,3,3,3,2,2,4,11,3,3,3,4
"1414",1414,4,2,3,2,4,1,1,1,20,3,3,1,3,2,2,13,13,4,4,3,3
"1415",1415,4,2,2,1,1,1,5,1,4,3,3,1,1,3,2,14,14,3,3,3,1
"1416",1416,4,2,3,1,4,1,5,1,1,3,3,5,3,4,2,13,13,2,4,3,3
"1417",1417,5,2,3,1,4,1,5,1,18,3,3,2,6,2,2,13,1,3,3,3,3
"1418",1418,4,2,3,2,4,1,5,1,14,3,3,1,6,2,2,13,13,2,4,3,3
"1419",1419,4,2,3,1,4,1,5,1,13,3,3,1,3,2,2,7,7,3,3,3,2
"1420",1420,4,2,3,2,4,1,5,1,7,3,3,1,3,2,2,10,10,2,4,4,2
"1421",1421,4,2,3,1,4,1,1,1,17,3,3,1,6,2,2,7,7,2,3,3,2
"1422",1422,4,2,3,1,4,1,5,1,15,3,3,5,3,2,2,10,10,3,3,3,2
"1423",1423,5,2,3,1,4,1,5,1,6,3,3,5,3,2,2,13,13,2,4,3,3
"1424",1424,4,2,3,2,4,1,2,1,8,3,3,1,8,1,6,10,10,3,4,4,2
"1425",1425,4,2,3,1,4,1,5,1,13,3,3,1,3,4,2,7,7,3,3,3,2
"1426",1426,4,2,3,2,4,1,5,1,13,3,3,1,3,4,2,7,7,4,4,3,2
"1427",1427,4,2,3,2,4,1,5,1,14,3,3,1,6,2,2,13,13,2,4,3,3
"1428",1428,4,2,1,1,1,1,5,1,13,1,3,1,1,2,2,9,9,3,3,3,2
"1429",1429,5,2,3,1,4,1,1,1,18,3,3,1,3,2,2,9,9,4,3,4,2
"1430",1430,4,2,3,2,4,1,1,1,17,3,3,1,3,2,2,9,9,2,4,4,2
"1431",1431,4,2,3,4,4,1,5,1,9,7,3,1,6,2,2,13,13,3,4,3,3
"1432",1432,4,2,3,2,4,1,5,1,15,3,3,5,3,2,2,10,10,3,3,3,2
"1433",1433,4,2,1,1,4,1,5,1,18,3,3,1,3,2,2,14,14,3,3,3,1
"1434",1434,4,2,3,2,4,1,5,1,9,3,3,1,6,2,2,13,13,2,3,3,3
"1435",1435,4,2,3,1,3,1,5,2,12,3,3,1,3,2,2,4,4,3,3,3,2
"1436",1436,4,2,3,1,4,1,5,1,13,3,3,1,3,2,2,14,14,2,4,4,2
"1437",1437,4,2,3,1,4,1,3,1,13,3,3,1,3,2,2,7,7,3,3,3,3
"1438",1438,4,2,3,1,4,1,3,1,16,3,3,1,3,4,2,13,13,4,5,3,3
"1439",1439,5,2,3,1,4,1,5,1,18,1,3,1,3,2,2,9,9,3,3,3,2
"1440",1440,4,2,3,1,4,1,5,1,17,3,3,1,8,4,2,7,7,2,3,3,2
"1441",1441,4,2,3,2,1,1,5,2,7,3,3,1,4,2,2,9,9,3,3,3,1
"1442",1442,5,2,3,1,4,1,5,1,6,3,3,5,3,2,2,13,13,2,4,3,3
"1443",1443,2,2,3,1,4,1,5,1,21,3,3,1,6,2,2,13,13,4,5,3,3
"1444",1444,4,2,3,1,4,1,5,1,4,3,3,1,2,2,2,14,14,3,3,3,1
"1445",1445,4,2,3,1,4,1,3,1,6,3,3,1,3,2,2,13,13,2,4,3,3
"1446",1446,4,2,3,1,4,1,5,1,19,3,3,1,7,2,2,13,13,3,3,3,2
"1447",1447,4,2,3,2,4,1,2,1,12,3,3,1,3,2,2,7,7,2,3,3,2
"1448",1448,4,2,3,1,4,1,5,1,6,3,3,1,6,2,2,13,13,2,4,3,3
"1449",1449,4,2,3,1,4,1,5,1,8,3,3,1,6,2,2,9,7,3,3,3,2
"1450",1450,5,2,3,1,4,1,5,1,11,3,3,4,7,2,2,6,6,3,3,3,2
"1451",1451,4,2,3,1,4,1,3,1,13,3,3,3,6,2,2,13,13,3,3,3,2
"1452",1452,4,2,3,1,4,1,5,1,21,3,3,1,3,2,2,6,6,4,4,3,3
"1453",1453,5,2,3,1,4,1,5,1,8,3,3,5,8,2,2,13,13,2,3,3,3
"1454",1454,4,2,3,1,4,1,5,1,12,3,3,1,3,2,2,13,13,3,3,3,3
"1455",1455,2,2,2,1,4,1,5,1,21,3,3,1,3,2,2,13,13,3,4,3,3
"1456",1456,4,2,3,1,4,1,5,1,9,3,3,1,6,2,2,13,13,3,3,3,3
"1457",1457,4,2,3,1,4,1,5,1,17,3,3,1,3,2,2,10,10,4,3,3,2
"1458",1458,4,2,3,1,4,1,5,1,7,3,3,1,6,2,2,6,6,3,5,4,5
"1459",1459,4,2,3,1,4,1,5,1,13,3,3,1,3,4,2,9,9,3,3,3,2
"1460",1460,4,2,3,1,4,1,5,1,8,3,3,1,3,2,2,7,7,3,4,3,2
